HMMER3/f [3.4 | Aug 2023]
NAME  hsp70_msa
LENG  616
ALPH  amino
RF    no
MM    no
CONS  yes
CS    no
MAP   yes
DATE  Mon Oct  5 17:20:39 2026
NSEQ  22
EFFN  0.657959
CKSUM 3615835627
STATS LOCAL MSV      -12.1053  0.69712
STATS LOCAL VITERBI  -12.9428  0.69712
STATS LOCAL FORWARD   -6.4940  0.69712
HMM          A        C        D        E        F        G        H        I        K        L        M        N        P        Q        R        S        T        V        W        Y   
            m->m     m->i     m->d     i->m     i->i     d->m     d->d
  COMPO   2.44126  4.61116  2.73126  2.54753  3.56939  2.72295  3.90792  2.73058  2.68185  2.51944  3.71917  3.06277  3.37804  3.05717  3.04008  2.70843  2.78814  2.58276  5.25088  3.79088
          2.68618  4.42225  2.77519  2.73123  3.46354  2.40513  3.72494  3.29354  2.67741  2.69355  4.24690  2.90347  2.73739  3.18146  2.89801  2.37887  2.77519  2.98518  4.58477  3.61503
          0.02805  3.98361  4.70596  0.61958  0.77255  0.00000        *
      1   3.05925  4.59115  4.16991  3.77283  3.26023  3.91755  4.48230  2.44709  3.53448  1.83916  1.18007  4.03628  4.37973  3.90963  3.72654  3.41946  3.36724  2.46585  5.11524  3.88624      1 m - - -
          2.68618  4.42225  2.77519  2.73123  3.46354  2.40513  3.72494  3.29354  2.67741  2.69355  4.24690  2.90347  2.73739  3.18146  2.89801  2.37887  2.77519  2.98518  4.58477  3.61503
          0.02805  3.98361  4.70596  0.61958  0.77255  0.48576  0.95510
      2   1.38887  4.15376  3.39182  3.09607  4.28366  2.31237  4.18390  3.69221  3.17163  3.38129  4.20214  3.26705  3.67185  3.44955  3.49730  1.83376  2.68754  3.14726  5.62383  4.40951      2 a - - -
          2.68623  4.42230  2.77524  2.73114  3.46359  2.40518  3.72499  3.29359  2.67735  2.69360  4.24695  2.90326  2.73744  3.18151  2.89806  2.37871  2.77524  2.98523  4.58482  3.61508
          0.20184  1.75024  4.70596  0.71297  0.67371  0.48576  0.95510
      3   3.07584  5.04176  3.25908  2.86109  4.45361  3.55217  3.82434  3.89010  0.89580  3.43149  4.38798  3.28029  4.04551  3.01026  2.45766  3.11114  3.32136  3.59198  5.46340  4.29261      6 k - - -
          2.68618  4.42225  2.77519  2.73123  3.46354  2.40513  3.72494  3.29354  2.67741  2.69355  4.24690  2.90347  2.73739  3.18146  2.89801  2.37887  2.77519  2.98518  4.58477  3.61503
          0.02805  3.98361  4.70596  0.61958  0.77255  0.48576  0.95510
      4   3.08625  4.43847  4.69181  4.21613  3.48112  4.35175  4.93347  1.07736  4.07480  1.97478  3.30991  4.44174  4.69525  4.35732  4.27362  3.75205  3.36287  1.55791  5.45868  4.24536      7 i - - -
          2.68618  4.42225  2.77519  2.73123  3.46354  2.40513  3.72494  3.29354  2.67741  2.69355  4.24690  2.90347  2.73739  3.18146  2.89801  2.37887  2.77519  2.98518  4.58477  3.61503
          0.02805  3.98361  4.70596  0.61958  0.77255  0.48576  0.95510
      5   3.23900  4.57871  4.74883  4.22380  3.16478  4.48329  4.83037  1.60994  4.04906  1.07192  2.99390  4.48893  4.71682  4.25487  4.20722  3.85467  3.47788  2.02497  5.21403  4.06351      8 l - - -
          2.68618  4.42225  2.77519  2.73123  3.46354  2.40513  3.72494  3.29354  2.67741  2.69355  4.24690  2.90347  2.73739  3.18146  2.89801  2.37887  2.77519  2.98518  4.58477  3.61503
          0.02805  3.98361  4.70596  0.61958  0.77255  0.48576  0.95510
      6   2.80810  4.57154  3.50455  3.41857  4.55698  0.57650  4.53118  4.18447  3.61489  3.82441  4.80174  3.66897  3.96620  3.93034  3.83789  2.98335  3.29799  3.69135  5.62189  4.66295      9 G - - -
          2.68618  4.42225  2.77519  2.73123  3.46354  2.40513  3.72494  3.29354  2.67741  2.69355  4.24690  2.90347  2.73739  3.18146  2.89801  2.37887  2.77519  2.98518  4.58477  3.61503
          0.02805  3.98361  4.70596  0.61958  0.77255  0.48576  0.95510
      7   3.08443  4.44721  4.66164  4.19608  3.46538  4.32549  4.91177  1.05781  4.04476  1.96445  3.30542  4.42085  4.68061  4.33637  4.24257  3.73190  3.36496  1.61834  5.44101  4.21930     10 i - - -
          2.68618  4.42225  2.77519  2.73123  3.46354  2.40513  3.72494  3.29354  2.67741  2.69355  4.24690  2.90347  2.73739  3.18146  2.89801  2.37887  2.77519  2.98518  4.58477  3.61503
          0.02805  3.98361  4.70596  0.61958  0.77255  0.48576  0.95510
      8   3.11175  5.25366  0.77085  2.40991  4.64625  3.29733  4.03289  4.26031  3.13867  3.84928  4.83082  2.97147  3.95809  3.27295  3.66919  3.06228  3.45305  3.88800  5.79302  4.50211     11 d - - -
          2.68618  4.42225  2.77519  2.73123  3.46354  2.40513  3.72494  3.29354  2.67741  2.69355  4.24690  2.90347  2.73739  3.18146  2.89801  2.37887  2.77519  2.98518  4.58477  3.61503
          0.02805  3.98361  4.70596  0.61958  0.77255  0.48576  0.95510
      9   3.28139  4.71130  4.36758  4.00895  3.18073  4.12257  4.62987  2.39195  3.77559  0.74959  3.17081  4.27360  4.53947  4.11729  3.93307  3.70789  3.57096  2.45794  5.09929  3.84793     12 l - - -
          2.68618  4.42225  2.77519  2.73123  3.46354  2.40513  3.72494  3.29354  2.67741  2.69355  4.24690  2.90347  2.73739  3.18146  2.89801  2.37887  2.77519  2.98518  4.58477  3.61503
          0.02805  3.98361  4.70596  0.61958  0.77255  0.48576  0.95510
     10   2.80810  4.57154  3.50455  3.41857  4.55698  0.57650  4.53118  4.18447  3.61489  3.82441  4.80174  3.66897  3.96620  3.93034  3.83789  2.98335  3.29799  3.69135  5.62189  4.66295     13 G - - -
          2.68618  4.42225  2.77519  2.73123  3.46354  2.40513  3.72494  3.29354  2.67741  2.69355  4.24690  2.90347  2.73739  3.18146  2.89801  2.37887  2.77519  2.98518  4.58477  3.61503
          0.02805  3.98361  4.70596  0.61958  0.77255  0.48576  0.95510
     11   2.47535  4.32027  3.52971  3.28819  4.06989  3.15554  4.29665  3.21067  3.23335  3.07019  4.11446  3.47887  3.86845  3.62286  3.48599  2.67798  0.99657  2.89366  5.49791  4.28686     14 t - - -
          2.68618  4.42225  2.77519  2.73123  3.46354  2.40513  3.72494  3.29354  2.67741  2.69355  4.24690  2.90347  2.73739  3.18146  2.89801  2.37887  2.77519  2.98518  4.58477  3.61503
          0.02805  3.98361  4.70596  0.61958  0.77255  0.48576  0.95510
     12   2.26906  4.20562  3.37370  3.05757  4.16804  3.00012  4.12824  3.50960  3.06489  3.25333  4.11549  3.26898  3.71558  3.39522  3.38169  1.63990  1.61600  3.05101  5.53152  4.29498     15 t - - -
          2.68618  4.42225  2.77519  2.73123  3.46354  2.40513  3.72494  3.29354  2.67741  2.69355  4.24690  2.90347  2.73739  3.18146  2.89801  2.37887  2.77519  2.98518  4.58477  3.61503
          0.02805  3.98361  4.70596  0.61958  0.77255  0.48576  0.95510
     13   2.81838  4.81683  2.77457  2.67179  4.19807  3.26073  4.01503  3.93345  2.92862  3.56800  4.52337  0.97539  3.91851  3.28883  3.28632  2.88187  3.20443  3.54438  5.49133  4.13907     16 n - - -
          2.68618  4.42225  2.77519  2.73123  3.46354  2.40513  3.72494  3.29354  2.67741  2.69355  4.24690  2.90347  2.73739  3.18146  2.89801  2.37887  2.77519  2.98518  4.58477  3.61503
          0.02805  3.98361  4.70596  0.61958  0.77255  0.48576  0.95510
     14   2.37235  4.29368  3.30583  3.12776  4.18829  3.02164  4.23405  3.72641  3.20903  3.43843  4.35588  3.33404  3.76983  3.54984  3.49095  0.93503  2.86099  3.23711  5.55209  4.27267     17 s - - -
          2.68618  4.42225  2.77519  2.73123  3.46354  2.40513  3.72494  3.29354  2.67741  2.69355  4.24690  2.90347  2.73739  3.18146  2.89801  2.37887  2.77519  2.98518  4.58477  3.61503
          0.02805  3.98361  4.70596  0.61958  0.77255  0.48576  0.95510
     15   1.48577  2.72104  3.57868  2.89695  3.75693  3.19691  4.05552  2.95147  3.05993  2.79793  3.70970  3.36731  3.81634  3.38185  3.36234  2.58769  2.75482  2.65201  5.19972  3.98216     18 a - - -
          2.68618  4.42225  2.77519  2.73123  3.46354  2.40513  3.72494  3.29354  2.67741  2.69355  4.24690  2.90347  2.73739  3.18146  2.89801  2.37887  2.77519  2.98518  4.58477  3.61503
          0.02805  3.98361  4.70596  0.61958  0.77255  0.48576  0.95510
     16   2.01981  4.22721  3.92376  3.36538  2.49415  3.73184  4.07674  2.39006  3.27601  2.07343  2.67382  3.65744  4.11692  3.53242  3.53203  3.02876  2.92882  2.17421  4.84244  3.61958     19 a - - -
          2.68618  4.42225  2.77519  2.73123  3.46354  2.40513  3.72494  3.29354  2.67741  2.69355  4.24690  2.90347  2.73739  3.18146  2.89801  2.37887  2.77519  2.98518  4.58477  3.61503
          0.02805  3.98361  4.70596  0.61958  0.77255  0.48576  0.95510
     17   0.86475  4.25027  3.57781  3.37542  4.16530  3.07160  4.38401  3.30763  3.39459  3.18400  4.20452  3.49618  3.82144  3.72578  3.63676  2.60006  2.88517  2.94277  5.58136  4.39428     20 a - - -
          2.68618  4.42225  2.77519  2.73123  3.46354  2.40513  3.72494  3.29354  2.67741  2.69355  4.24690  2.90347  2.73739  3.18146  2.89801  2.37887  2.77519  2.98518  4.58477  3.61503
          0.02805  3.98361  4.70596  0.61958  0.77255  0.48576  0.95510
     18   2.97699  4.39818  4.50845  4.05666  3.55042  4.14140  4.81337  1.76582  3.91013  2.12566  3.41812  4.27027  4.56809  4.23177  4.12955  3.55222  3.28022  0.98904  5.45233  4.19899     21 v - - -
          2.68618  4.42225  2.77519  2.73123  3.46354  2.40513  3.72494  3.29354  2.67741  2.69355  4.24690  2.90347  2.73739  3.18146  2.89801  2.37887  2.77519  2.98518  4.58477  3.61503
          0.02805  3.98361  4.70596  0.61958  0.77255  0.48576  0.95510
     19   3.06564  4.45863  4.52436  3.96168  3.18645  4.27278  4.61082  2.00052  3.83381  1.55426  1.81806  4.23877  4.54078  4.03748  4.02416  3.59767  3.29953  1.78941  5.12673  4.00358     22 l - - -
          2.68618  4.42225  2.77519  2.73123  3.46354  2.40513  3.72494  3.29354  2.67741  2.69355  4.24690  2.90347  2.73739  3.18146  2.89801  2.37887  2.77519  2.98518  4.58477  3.61503
          0.02805  3.98361  4.70596  0.61958  0.77255  0.48576  0.95510
     20   2.67163  4.55229  3.23345  1.93904  3.66646  3.56129  3.81155  2.33601  2.66877  2.53565  3.12422  3.19444  3.95549  3.03771  3.05794  2.82303  2.90839  2.57668  5.14375  3.87185     23 e - - -
          2.68618  4.42225  2.77519  2.73123  3.46354  2.40513  3.72494  3.29354  2.67741  2.69355  4.24690  2.90347  2.73739  3.18146  2.89801  2.37887  2.77519  2.98518  4.58477  3.61503
          0.02805  3.98361  4.70596  0.61958  0.77255  0.48576  0.95510
     21   2.28780  4.24611  3.17067  3.01393  4.38209  1.22303  4.21491  3.86717  3.20746  3.54572  4.38526  3.23813  3.70747  3.49182  3.52414  2.03107  2.78337  3.29068  5.70108  4.46295     24 g - - -
          2.68618  4.42225  2.77519  2.73123  3.46354  2.40513  3.72494  3.29354  2.67741  2.69355  4.24690  2.90347  2.73739  3.18146  2.89801  2.37887  2.77519  2.98518  4.58477  3.61503
          0.02805  3.98361  4.70596  0.61958  0.77255  0.48576  0.95510
     22   2.52225  4.61782  2.39017  2.49613  4.40947  1.44125  3.93244  3.87727  2.91067  3.50339  4.34406  2.95256  3.76567  3.14217  3.36741  2.37326  2.92622  3.40460  5.69605  4.35564     25 g - - -
          2.68618  4.42225  2.77519  2.73123  3.46354  2.40513  3.72494  3.29354  2.67741  2.69355  4.24690  2.90347  2.73739  3.18146  2.89801  2.37887  2.77519  2.98518  4.58477  3.61503
          0.02805  3.98361  4.70596  0.61958  0.77255  0.48576  0.95510
     23   2.73797  5.20024  2.10864  1.98440  4.51715  3.32149  3.62175  3.98598  1.85783  3.48262  4.27272  2.79028  3.80291  2.74970  2.73341  2.68275  2.98026  3.58019  5.62918  4.22413     26 k - - -
          2.68618  4.42225  2.77519  2.73123  3.46354  2.40513  3.72494  3.29354  2.67741  2.69355  4.24690  2.90347  2.73739  3.18146  2.89801  2.37887  2.77519  2.98518  4.58477  3.61503
          0.02805  3.98361  4.70596  0.61958  0.77255  0.48576  0.95510
     24   1.89548  4.28737  3.27513  3.02255  4.20458  3.04664  4.14929  3.51852  3.07904  3.25756  4.17036  3.27493  1.44855  3.41749  3.39475  2.52301  2.81306  3.09100  5.56279  4.33353     27 p - - -
          2.68618  4.42225  2.77519  2.73123  3.46354  2.40513  3.72494  3.29354  2.67741  2.69355  4.24690  2.90347  2.73739  3.18146  2.89801  2.37887  2.77519  2.98518  4.58477  3.61503
          0.02805  3.98361  4.70596  0.61958  0.77255  0.48576  0.95510
     25   2.58831  4.54101  3.07894  2.18474  3.84632  3.40331  3.78546  2.99783  2.63990  2.83083  3.74066  3.10172  3.87024  3.00053  3.03895  2.71244  2.13534  2.28624  5.22945  3.94585     28 t - - -
          2.68618  4.42225  2.77519  2.73123  3.46354  2.40513  3.72494  3.29354  2.67741  2.69355  4.24690  2.90347  2.73739  3.18146  2.89801  2.37887  2.77519  2.98518  4.58477  3.61503
          0.02805  3.98361  4.70596  0.61958  0.77255  0.48576  0.95510
     26   3.08192  4.40768  4.75679  4.26296  3.53846  4.40792  4.98185  1.24214  4.14647  2.03936  3.34836  4.48665  4.72782  4.41398  4.34761  3.79636  3.35013  1.26932  5.50504  4.30031     29 i - - -
          2.68618  4.42225  2.77519  2.73123  3.46354  2.40513  3.72494  3.29354  2.67741  2.69355  4.24690  2.90347  2.73739  3.18146  2.89801  2.37887  2.77519  2.98518  4.58477  3.61503
          0.02805  3.98361  4.70596  0.61958  0.77255  0.48576  0.95510
     27   3.12926  4.49509  4.59800  4.15067  3.37901  4.32470  4.83078  1.03716  3.95824  1.85802  3.27131  4.39068  4.67309  4.27799  4.14819  3.74929  3.40426  1.79163  5.34168  4.08480     30 i - - -
          2.68618  4.42225  2.77519  2.73123  3.46354  2.40513  3.72494  3.29354  2.67741  2.69355  4.24690  2.90347  2.73739  3.18146  2.89801  2.37887  2.77519  2.98518  4.58477  3.61503
          0.02805  3.98361  4.70596  0.61958  0.77255  0.48576  0.95510
     28   2.29744  4.26384  3.42596  3.00712  3.90771  3.17710  4.03576  3.04870  2.96270  2.89090  3.82724  3.29342  1.82125  3.30494  3.29705  2.57086  2.54682  2.31479  5.33734  4.10050     31 p - - -
          2.68618  4.42225  2.77519  2.73123  3.46354  2.40513  3.72494  3.29354  2.67741  2.69355  4.24690  2.90347  2.73739  3.18146  2.89801  2.37887  2.77519  2.98518  4.58477  3.61503
          0.02805  3.98361  4.70596  0.61958  0.77255  0.48576  0.95510
     29   2.10244  4.51372  2.86789  2.59993  4.28633  3.11123  3.88794  3.71982  2.76852  3.35557  4.18227  1.82899  3.74734  3.08460  3.18304  2.01355  2.83239  3.26755  5.56849  4.25555     32 n - - -
          2.68618  4.42225  2.77519  2.73123  3.46354  2.40513  3.72494  3.29354  2.67741  2.69355  4.24690  2.90347  2.73739  3.18146  2.89801  2.37887  2.77519  2.98518  4.58477  3.61503
          0.02805  3.98361  4.70596  0.61958  0.77255  0.48576  0.95510
     30   1.47202  4.44108  2.96588  2.46446  4.13168  2.95954  3.89989  3.51363  2.80100  3.18794  4.03315  3.07096  3.76168  3.11861  3.19771  2.24538  2.81411  3.11591  5.45499  4.17504     33 a - - -
          2.68618  4.42225  2.77519  2.73123  3.46354  2.40513  3.72494  3.29354  2.67741  2.69355  4.24690  2.90347  2.73739  3.18146  2.89801  2.37887  2.77519  2.98518  4.58477  3.61503
          0.02805  3.98361  4.70596  0.61958  0.77255  0.48576  0.95510
     31   3.05096  5.18162  2.53890  0.87715  4.54225  3.34792  3.94569  4.01835  2.84043  3.61809  4.58829  3.00035  3.95810  3.15972  3.25999  3.02271  3.35640  3.69113  5.69292  4.41646     34 e - - -
          2.68618  4.42225  2.77519  2.73123  3.46354  2.40513  3.72494  3.29354  2.67741  2.69355  4.24690  2.90347  2.73739  3.18146  2.89801  2.37887  2.77519  2.98518  4.58477  3.61503
          0.02805  3.98361  4.70596  0.61958  0.77255  0.48576  0.95510
     32   2.80810  4.57154  3.50455  3.41857  4.55698  0.57650  4.53118  4.18447  3.61489  3.82441  4.80174  3.66897  3.96620  3.93034  3.83789  2.98335  3.29799  3.69135  5.62189  4.66295     35 G - - -
          2.68618  4.42225  2.77519  2.73123  3.46354  2.40513  3.72494  3.29354  2.67741  2.69355  4.24690  2.90347  2.73739  3.18146  2.89801  2.37887  2.77519  2.98518  4.58477  3.61503
          0.02805  3.98361  4.70596  0.61958  0.77255  0.48576  0.95510
     33   2.24103  4.82248  2.49092  2.26856  4.10087  3.19881  3.62025  3.52332  2.43453  3.11766  3.92832  2.89114  3.78275  2.66621  2.90689  2.46303  2.74011  2.83194  5.35092  4.00245     36 a - - -
          2.68616  4.42235  2.77530  2.73133  3.46364  2.40475  3.72504  3.29346  2.67751  2.69355  4.24700  2.90357  2.73750  3.18147  2.89811  2.37878  2.77517  2.98520  4.58487  3.61499
          0.22047  1.66700  4.70596  1.15947  0.37637  0.48576  0.95510
     34   3.05869  5.15258  3.48357  2.81212  4.60643  3.66807  3.61055  3.95255  1.47526  3.39696  4.27317  3.20694  4.03740  2.74761  1.40617  3.05743  3.22404  3.63897  5.43805  4.27674     41 r - - -
          2.68618  4.42225  2.77519  2.73123  3.46354  2.40513  3.72494  3.29354  2.67741  2.69355  4.24690  2.90347  2.73739  3.18146  2.89801  2.37887  2.77519  2.98518  4.58477  3.61503
          0.02805  3.98361  4.70596  0.61958  0.77255  0.48576  0.95510
     35   1.88519  4.24810  3.45392  2.97787  3.82007  3.20546  3.97382  3.04150  2.91718  2.85004  3.37514  3.27862  3.80076  3.25134  3.25871  2.44572  1.81021  2.73182  5.23502  4.00046     42 t - - -
          2.68618  4.42225  2.77519  2.73123  3.46354  2.40513  3.72494  3.29354  2.67741  2.69355  4.24690  2.90347  2.73739  3.18146  2.89801  2.37887  2.77519  2.98518  4.58477  3.61503
          0.02805  3.98361  4.70596  0.61958  0.77255  0.48576  0.95510
     36   2.65322  4.30992  3.77693  3.31961  2.06471  3.56089  4.02145  2.62640  3.24128  2.31671  3.43185  3.57982  4.06230  3.53134  3.51043  2.92700  1.85961  2.46789  4.76694  3.36076     43 t - - -
          2.68618  4.42225  2.77519  2.73123  3.46354  2.40513  3.72494  3.29354  2.67741  2.69355  4.24690  2.90347  2.73739  3.18146  2.89801  2.37887  2.77519  2.98518  4.58477  3.61503
          0.02805  3.98361  4.70596  0.61958  0.77255  0.48576  0.95510
     37   2.90436  4.64219  3.52371  3.37950  4.36354  3.32345  4.44707  3.93846  3.44649  3.55289  4.60813  3.67456  0.64467  3.83189  3.67865  3.07554  3.35487  3.57101  5.51873  4.48603     44 P - - -
          2.68618  4.42225  2.77519  2.73123  3.46354  2.40513  3.72494  3.29354  2.67741  2.69355  4.24690  2.90347  2.73739  3.18146  2.89801  2.37887  2.77519  2.98518  4.58477  3.61503
          0.02805  3.98361  4.70596  0.61958  0.77255  0.48576  0.95510
     38   2.37235  4.29368  3.30583  3.12776  4.18829  3.02164  4.23405  3.72641  3.20903  3.43843  4.35588  3.33404  3.76983  3.54984  3.49095  0.93503  2.86099  3.23711  5.55209  4.27267     45 s - - -
          2.68618  4.42225  2.77519  2.73123  3.46354  2.40513  3.72494  3.29354  2.67741  2.69355  4.24690  2.90347  2.73739  3.18146  2.89801  2.37887  2.77519  2.98518  4.58477  3.61503
          0.02805  3.98361  4.70596  0.61958  0.77255  0.48576  0.95510
     39   2.69023  3.74053  4.10875  3.54350  3.20725  3.80746  4.13407  2.10200  3.42438  2.18688  3.23723  3.77784  4.17922  3.67291  3.63552  3.11099  2.93543  1.49603  4.81169  2.84264     46 v - - -
          2.68618  4.42225  2.77519  2.73123  3.46354  2.40513  3.72494  3.29354  2.67741  2.69355  4.24690  2.90347  2.73739  3.18146  2.89801  2.37887  2.77519  2.98518  4.58477  3.61503
          0.02805  3.98361  4.70596  0.61958  0.77255  0.48576  0.95510
     40   2.89628  4.40926  4.27816  3.94572  3.63309  3.83770  4.72879  2.05023  3.81518  2.30149  3.58235  4.11742  4.39274  4.16743  4.01681  3.34900  3.25559  0.89564  5.43597  4.17404     47 v - - -
          2.68618  4.42225  2.77519  2.73123  3.46354  2.40513  3.72494  3.29354  2.67741  2.69355  4.24690  2.90347  2.73739  3.18146  2.89801  2.37887  2.77519  2.98518  4.58477  3.61503
          0.02805  3.98361  4.70596  0.61958  0.77255  0.48576  0.95510
     41   1.16284  4.16861  3.40372  3.16757  4.29395  2.08029  4.25373  3.63803  3.25868  3.38994  4.24648  3.31844  3.70161  3.54299  3.55562  2.42493  2.73498  3.12373  5.64183  4.44413     48 a - - -
          2.68618  4.42225  2.77519  2.73123  3.46354  2.40513  3.72494  3.29354  2.67741  2.69355  4.24690  2.90347  2.73739  3.18146  2.89801  2.37887  2.77519  2.98518  4.58477  3.61503
          0.02805  3.98361  4.70596  0.61958  0.77255  0.48576  0.95510
     42   3.05350  4.54125  4.06245  3.59878  1.26958  3.96395  3.14818  2.90559  3.44603  2.36281  3.25327  3.75041  4.32695  3.67765  3.64800  3.28859  3.29180  2.79800  4.01003  2.36741     49 f - - -
          2.68618  4.42225  2.77519  2.73123  3.46354  2.40513  3.72494  3.29354  2.67741  2.69355  4.24690  2.90347  2.73739  3.18146  2.89801  2.37887  2.77519  2.98518  4.58477  3.61503
          0.08655  3.98361  2.74429  0.61958  0.77255  0.48576  0.95510
     43   2.14239  4.16637  3.35643  3.02683  4.13651  2.96932  4.09409  3.45634  3.03555  3.20700  4.06403  3.23774  3.68172  3.35870  3.35661  1.69986  1.72600  3.00142  5.49851  4.27079     50 s - - -
          2.68618  4.42225  2.77519  2.73123  3.46354  2.40513  3.72494  3.29354  2.67741  2.69355  4.24690  2.90347  2.73739  3.18146  2.89801  2.37887  2.77519  2.98518  4.58477  3.61503
          0.02971  3.92678  4.64912  0.61958  0.77255  0.45293  1.00995
     44   2.80092  5.24004  2.00495  2.14565  4.55550  3.31129  3.66075  4.01753  1.63991  3.52784  4.34129  2.78723  3.82690  2.80145  2.89756  2.73954  3.05133  3.62263  5.67749  4.27340     51 k - - -
          2.68618  4.42225  2.77519  2.73123  3.46354  2.40513  3.72494  3.29354  2.67741  2.69355  4.24690  2.90347  2.73739  3.18146  2.89801  2.37887  2.77519  2.98518  4.58477  3.61503
          0.02805  3.98361  4.70596  0.61958  0.77255  0.48576  0.95510
     45   2.79064  5.25374  1.63415  2.10031  4.55841  3.28025  3.67268  4.02582  2.09870  3.54589  4.35790  2.75310  3.81315  2.81647  3.03352  2.72425  2.86176  3.62604  5.71447  4.28448     52 d - - -
          2.68618  4.42225  2.77519  2.73123  3.46354  2.40513  3.72494  3.29354  2.67741  2.69355  4.24690  2.90347  2.73739  3.18146  2.89801  2.37887  2.77519  2.98518  4.58477  3.61503
          0.02805  3.98361  4.70596  0.61958  0.77255  0.48576  0.95510
     46   2.67860  4.62786  2.89918  2.56940  4.43019  0.98627  4.11972  3.90576  3.05667  3.56613  4.47352  3.19767  3.87049  3.38249  3.40624  2.78707  3.10043  3.46968  5.63450  4.44116     53 g - - -
          2.68618  4.42225  2.77519  2.73123  3.46354  2.40513  3.72494  3.29354  2.67741  2.69355  4.24690  2.90347  2.73739  3.18146  2.89801  2.37887  2.77519  2.98518  4.58477  3.61503
          0.02805  3.98361  4.70596  0.61958  0.77255  0.48576  0.95510
     47   2.83221  5.33666  2.12712  1.49056  4.62610  3.26616  3.68817  4.11748  2.57381  3.61956  4.43760  2.72973  3.81961  2.25140  3.09422  2.74970  3.09489  3.70822  5.77864  4.32832     54 e - - -
          2.68618  4.42225  2.77519  2.73123  3.46354  2.40513  3.72494  3.29354  2.67741  2.69355  4.24690  2.90347  2.73739  3.18146  2.89801  2.37887  2.77519  2.98518  4.58477  3.61503
          0.02805  3.98361  4.70596  0.61958  0.77255  0.48576  0.95510
     48   2.64781  4.56384  3.28376  2.68992  3.73545  3.52380  3.68999  3.07792  2.11809  2.34022  3.08529  3.14134  3.89974  2.90683  2.33603  2.77059  2.86921  2.73863  5.08429  3.83113     55 k - - -
          2.68618  4.42225  2.77519  2.73123  3.46354  2.40513  3.72494  3.29354  2.67741  2.69355  4.24690  2.90347  2.73739  3.18146  2.89801  2.37887  2.77519  2.98518  4.58477  3.61503
          0.02805  3.98361  4.70596  0.61958  0.77255  0.48576  0.95510
     49   3.28139  4.71130  4.36758  4.00895  3.18073  4.12257  4.62987  2.39195  3.77559  0.74959  3.17081  4.27360  4.53947  4.11729  3.93307  3.70789  3.57096  2.45794  5.09929  3.84793     56 l - - -
          2.68618  4.42225  2.77519  2.73123  3.46354  2.40513  3.72494  3.29354  2.67741  2.69355  4.24690  2.90347  2.73739  3.18146  2.89801  2.37887  2.77519  2.98518  4.58477  3.61503
          0.02805  3.98361  4.70596  0.61958  0.77255  0.48576  0.95510
     50   2.89628  4.40926  4.27816  3.94572  3.63309  3.83770  4.72879  2.05023  3.81518  2.30149  3.58235  4.11742  4.39274  4.16743  4.01681  3.34900  3.25559  0.89564  5.43597  4.17404     57 v - - -
          2.68618  4.42225  2.77519  2.73123  3.46354  2.40513  3.72494  3.29354  2.67741  2.69355  4.24690  2.90347  2.73739  3.18146  2.89801  2.37887  2.77519  2.98518  4.58477  3.61503
          0.02805  3.98361  4.70596  0.61958  0.77255  0.48576  0.95510
     51   2.80810  4.57154  3.50455  3.41857  4.55698  0.57650  4.53118  4.18447  3.61489  3.82441  4.80174  3.66897  3.96620  3.93034  3.83789  2.98335  3.29799  3.69135  5.62189  4.66295     58 G - - -
          2.68618  4.42225  2.77519  2.73123  3.46354  2.40513  3.72494  3.29354  2.67741  2.69355  4.24690  2.90347  2.73739  3.18146  2.89801  2.37887  2.77519  2.98518  4.58477  3.61503
          0.02805  3.98361  4.70596  0.61958  0.77255  0.48576  0.95510
     52   2.80991  5.18648  2.67672  1.79816  4.52613  3.39361  3.62076  3.96151  1.88631  3.45079  4.26490  2.87189  3.85572  2.26185  2.61391  2.76481  3.03684  3.58305  5.57756  4.23416     59 e - - -
          2.68618  4.42225  2.77519  2.73123  3.46354  2.40513  3.72494  3.29354  2.67741  2.69355  4.24690  2.90347  2.73739  3.18146  2.89801  2.37887  2.77519  2.98518  4.58477  3.61503
          0.02805  3.98361  4.70596  0.61958  0.77255  0.48576  0.95510
     53   2.29184  4.27044  3.46618  3.06573  3.84844  3.21889  4.07756  2.92697  3.02022  2.80197  3.78621  3.34410  1.83346  3.36373  3.34189  2.62182  2.81218  2.09233  5.31990  4.07794     60 p - - -
          2.68618  4.42225  2.77519  2.73123  3.46354  2.40513  3.72494  3.29354  2.67741  2.69355  4.24690  2.90347  2.73739  3.18146  2.89801  2.37887  2.77519  2.98518  4.58477  3.61503
          0.02805  3.98361  4.70596  0.61958  0.77255  0.48576  0.95510
     54   0.86475  4.25027  3.57781  3.37542  4.16530  3.07160  4.38401  3.30763  3.39459  3.18400  4.20452  3.49618  3.82144  3.72578  3.63676  2.60006  2.88517  2.94277  5.58136  4.39428     61 a - - -
          2.68618  4.42225  2.77519  2.73123  3.46354  2.40513  3.72494  3.29354  2.67741  2.69355  4.24690  2.90347  2.73739  3.18146  2.89801  2.37887  2.77519  2.98518  4.58477  3.61503
          0.02805  3.98361  4.70596  0.61958  0.77255  0.48576  0.95510
     55   3.05134  5.15744  3.46640  2.79859  4.61197  3.66313  3.60774  3.95895  1.34626  3.40128  4.27436  3.19780  4.03220  2.74342  1.55731  3.04760  3.21727  3.64239  5.44196  4.27712     62 k - - -
          2.68618  4.42225  2.77519  2.73123  3.46354  2.40513  3.72494  3.29354  2.67741  2.69355  4.24690  2.90347  2.73739  3.18146  2.89801  2.37887  2.77519  2.98518  4.58477  3.61503
          0.02805  3.98361  4.70596  0.61958  0.77255  0.48576  0.95510
     56   2.83499  4.96391  3.08041  2.62914  4.34315  3.46554  3.67171  3.81788  2.14894  3.34184  4.20208  2.28545  3.92679  2.83111  1.50298  2.85648  3.07811  3.47264  5.42119  4.14849     63 r - - -
          2.68618  4.42225  2.77519  2.73123  3.46354  2.40513  3.72494  3.29354  2.67741  2.69355  4.24690  2.90347  2.73739  3.18146  2.89801  2.37887  2.77519  2.98518  4.58477  3.61503
          0.02805  3.98361  4.70596  0.61958  0.77255  0.48576  0.95510
     57   2.97243  4.95938  2.97984  2.73730  4.14243  3.44152  3.89624  3.79116  2.55064  3.28238  4.30808  3.19764  3.99719  1.04873  2.83222  3.01594  3.26977  3.51422  5.39522  4.09669     64 q - - -
          2.68618  4.42225  2.77519  2.73123  3.46354  2.40513  3.72494  3.29354  2.67741  2.69355  4.24690  2.90347  2.73739  3.18146  2.89801  2.37887  2.77519  2.98518  4.58477  3.61503
          0.02805  3.98361  4.70596  0.61958  0.77255  0.48576  0.95510
     58   1.31287  4.25734  3.67677  3.23531  3.74548  3.29893  4.17060  2.69406  3.13187  2.60427  3.32581  3.47267  3.91601  3.47969  3.42953  2.69776  2.85151  2.36892  5.30163  4.06531     65 a - - -
          2.68618  4.42225  2.77519  2.73123  3.46354  2.40513  3.72494  3.29354  2.67741  2.69355  4.24690  2.90347  2.73739  3.18146  2.89801  2.37887  2.77519  2.98518  4.58477  3.61503
          0.02805  3.98361  4.70596  0.61958  0.77255  0.48576  0.95510
     59   3.10676  4.41673  4.78237  4.25430  3.44807  4.46241  4.93198  1.40517  4.14263  1.74615  3.25287  4.49316  4.73105  4.37424  4.33245  3.82547  3.35608  1.29275  5.41754  4.24296     66 v - - -
          2.68618  4.42225  2.77519  2.73123  3.46354  2.40513  3.72494  3.29354  2.67741  2.69355  4.24690  2.90347  2.73739  3.18146  2.89801  2.37887  2.77519  2.98518  4.58477  3.61503
          0.02805  3.98361  4.70596  0.61958  0.77255  0.48576  0.95510
     60   2.50114  4.62761  3.05010  2.53195  3.88796  3.40306  3.66664  3.27197  2.40413  2.62654  3.76401  3.01651  3.82367  2.44364  2.86746  2.36237  2.37581  2.97761  5.19749  3.90351     67 s - - -
          2.68618  4.42225  2.77519  2.73123  3.46354  2.40513  3.72494  3.29354  2.67741  2.69355  4.24690  2.90347  2.73739  3.18146  2.89801  2.37887  2.77519  2.98518  4.58477  3.61503
          0.02805  3.98361  4.70596  0.61958  0.77255  0.48576  0.95510
     61   2.81838  4.81683  2.77457  2.67179  4.19807  3.26073  4.01503  3.93345  2.92862  3.56800  4.52337  0.97539  3.91851  3.28883  3.28632  2.88187  3.20443  3.54438  5.49133  4.13907     68 n - - -
          2.68618  4.42225  2.77519  2.73123  3.46354  2.40513  3.72494  3.29354  2.67741  2.69355  4.24690  2.90347  2.73739  3.18146  2.89801  2.37887  2.77519  2.98518  4.58477  3.61503
          0.02805  3.98361  4.70596  0.61958  0.77255  0.48576  0.95510
     62   2.90436  4.64219  3.52371  3.37950  4.36354  3.32345  4.44707  3.93846  3.44649  3.55289  4.60813  3.67456  0.64467  3.83189  3.67865  3.07554  3.35487  3.57101  5.51873  4.48603     69 P - - -
          2.68618  4.42225  2.77519  2.73123  3.46354  2.40513  3.72494  3.29354  2.67741  2.69355  4.24690  2.90347  2.73739  3.18146  2.89801  2.37887  2.77519  2.98518  4.58477  3.61503
          0.02805  3.98361  4.70596  0.61958  0.77255  0.48576  0.95510
     63   2.90576  5.45789  1.70200  1.40262  4.75946  2.98653  3.74422  4.27050  2.73769  3.77153  4.61079  2.68846  3.83017  2.90562  3.32210  2.79905  3.19017  3.84358  5.93029  4.43728     70 e - - -
          2.68618  4.42225  2.77519  2.73123  3.46354  2.40513  3.72494  3.29354  2.67741  2.69355  4.24690  2.90347  2.73739  3.18146  2.89801  2.37887  2.77519  2.98518  4.58477  3.61503
          0.02805  3.98361  4.70596  0.61958  0.77255  0.48576  0.95510
     64   2.66949  5.06246  2.58399  2.22382  4.36108  2.78777  3.41795  3.81611  2.37284  3.34428  4.13389  2.16799  3.78854  2.51658  2.64533  2.63980  2.90805  3.43253  5.51749  4.13221     71 n - - -
          2.68618  4.42225  2.77519  2.73123  3.46354  2.40513  3.72494  3.29354  2.67741  2.69355  4.24690  2.90347  2.73739  3.18146  2.89801  2.37887  2.77519  2.98518  4.58477  3.61503
          0.02805  3.98361  4.70596  0.61958  0.77255  0.48576  0.95510
     65   2.31779  4.22006  3.40953  3.14347  4.10441  3.03896  4.18648  3.33510  3.11430  3.17394  4.10193  3.33238  3.76233  3.48098  3.39400  2.35528  1.19232  2.93930  5.51364  4.26652     72 t - - -
          2.68618  4.42225  2.77519  2.73123  3.46354  2.40513  3.72494  3.29354  2.67741  2.69355  4.24690  2.90347  2.73739  3.18146  2.89801  2.37887  2.77519  2.98518  4.58477  3.61503
          0.02805  3.98361  4.70596  0.61958  0.77255  0.48576  0.95510
     66   3.08534  4.41448  4.75030  4.25865  3.52559  4.40281  4.97675  1.17908  4.13832  2.02159  3.33717  4.48306  4.72478  4.40656  4.33851  3.79293  3.35449  1.35214  5.49713  4.29314     73 i - - -
          2.68618  4.42225  2.77519  2.73123  3.46354  2.40513  3.72494  3.29354  2.67741  2.69355  4.24690  2.90347  2.73739  3.18146  2.89801  2.37887  2.77519  2.98518  4.58477  3.61503
          0.02805  3.98361  4.70596  0.61958  0.77255  0.48576  0.95510
     67   2.44336  4.26717  3.42736  2.85958  3.11497  3.52645  3.77781  2.57848  2.80431  2.47463  3.19896  3.26389  3.90594  2.84978  2.95800  2.68749  2.61044  2.53848  4.84513  2.90592     74 a - - -
          2.68618  4.42225  2.77519  2.73123  3.46354  2.40513  3.72494  3.29354  2.67741  2.69355  4.24690  2.90347  2.73739  3.18146  2.89801  2.37887  2.77519  2.98518  4.58477  3.61503
          0.02805  3.98361  4.70596  0.61958  0.77255  0.48576  0.95510
     68   1.56152  4.15708  3.39046  3.10150  4.28449  2.71365  4.18813  3.68321  3.16916  3.38378  4.20921  3.27087  3.67568  3.45531  3.48949  1.45812  2.69332  3.14286  5.62631  4.40997     75 s - - -
          2.68618  4.42225  2.77519  2.73123  3.46354  2.40513  3.72494  3.29354  2.67741  2.69355  4.24690  2.90347  2.73739  3.18146  2.89801  2.37887  2.77519  2.98518  4.58477  3.61503
          0.02805  3.98361  4.70596  0.61958  0.77255  0.48576  0.95510
     69   2.15973  4.31741  4.13075  3.68705  3.56006  3.81597  4.49983  1.31549  3.57609  2.24264  3.44275  3.92393  4.30448  3.89619  3.82104  3.20924  3.09937  1.88739  5.30927  4.08799     76 i - - -
          2.68618  4.42225  2.77519  2.73123  3.46354  2.40513  3.72494  3.29354  2.67741  2.69355  4.24690  2.90347  2.73739  3.18146  2.89801  2.37887  2.77519  2.98518  4.58477  3.61503
          0.02805  3.98361  4.70596  0.61958  0.77255  0.48576  0.95510
     70   3.07584  5.04176  3.25908  2.86109  4.45361  3.55217  3.82434  3.89010  0.89580  3.43149  4.38798  3.28029  4.04551  3.01026  2.45766  3.11114  3.32136  3.59198  5.46340  4.29261     77 k - - -
          2.68618  4.42225  2.77519  2.73123  3.46354  2.40513  3.72494  3.29354  2.67741  2.69355  4.24690  2.90347  2.73739  3.18146  2.89801  2.37887  2.77519  2.98518  4.58477  3.61503
          0.02805  3.98361  4.70596  0.61958  0.77255  0.48576  0.95510
     71   3.13361  4.96309  3.63588  3.12503  4.34594  3.59904  3.90916  3.89615  2.28828  3.39194  4.39008  3.47584  4.09698  3.12471  0.82131  3.21294  3.39249  3.61552  5.38442  4.25006     78 r - - -
          2.68618  4.42225  2.77519  2.73123  3.46354  2.40513  3.72494  3.29354  2.67741  2.69355  4.24690  2.90347  2.73739  3.18146  2.89801  2.37887  2.77519  2.98518  4.58477  3.61503
          0.02805  3.98361  4.70596  0.61958  0.77255  0.48576  0.95510
     72   2.80855  4.98985  2.96690  2.52497  4.21712  3.46898  2.16245  3.73859  1.74210  3.27145  4.11792  3.00767  3.90194  2.78912  2.48157  2.67388  3.03172  3.40756  5.36314  4.04250     79 k - - -
          2.68618  4.42225  2.77519  2.73123  3.46354  2.40513  3.72494  3.29354  2.67741  2.69355  4.24690  2.90347  2.73739  3.18146  2.89801  2.37887  2.77519  2.98518  4.58477  3.61503
          0.02805  3.98361  4.70596  0.61958  0.77255  0.48576  0.95510
     73   3.07041  4.55084  4.34243  3.83958  3.16161  4.12727  4.52425  2.14116  3.61545  1.65803  1.43158  4.12099  4.47835  3.92776  3.81770  3.50195  3.33641  2.26208  5.10209  3.90363     80 m - - -
          2.68618  4.42225  2.77519  2.73123  3.46354  2.40513  3.72494  3.29354  2.67741  2.69355  4.24690  2.90347  2.73739  3.18146  2.89801  2.37887  2.77519  2.98518  4.58477  3.61503
          0.02805  3.98361  4.70596  0.61958  0.77255  0.48576  0.95510
     74   2.80810  4.57154  3.50455  3.41857  4.55698  0.57650  4.53118  4.18447  3.61489  3.82441  4.80174  3.66897  3.96620  3.93034  3.83789  2.98335  3.29799  3.69135  5.62189  4.66295     81 G - - -
          2.68618  4.42225  2.77519  2.73123  3.46354  2.40513  3.72494  3.29354  2.67741  2.69355  4.24690  2.90347  2.73739  3.18146  2.89801  2.37887  2.77519  2.98518  4.58477  3.61503
          0.02805  3.98361  4.70596  0.61958  0.77255  0.48576  0.95510
     75   2.68495  5.01488  2.39674  1.74790  4.34931  3.28869  3.66911  3.78824  2.52360  3.35747  4.17034  2.81296  3.79570  2.81826  3.01936  2.43543  2.29852  3.41319  5.56267  4.17270     82 e - - -
          2.68618  4.42225  2.77519  2.73123  3.46354  2.40513  3.72494  3.29354  2.67741  2.69355  4.24690  2.90347  2.73739  3.18146  2.89801  2.37887  2.77519  2.98518  4.58477  3.61503
          0.25351  3.98361  1.58325  0.61958  0.77255  0.48576  0.95510
     76   2.34440  4.95196  2.10862  2.00087  4.29527  2.99281  3.62575  3.73644  2.52113  3.31194  4.13643  2.72626  3.32957  2.78545  3.02921  2.61647  2.91277  3.36321  5.52664  4.13233     83 e - - -
          2.68618  4.42225  2.77519  2.73123  3.46354  2.40513  3.72494  3.29354  2.67741  2.69355  4.24690  2.90347  2.73739  3.18146  2.89801  2.37887  2.77519  2.98518  4.58477  3.61503
          0.03502  3.76513  4.48747  0.61958  0.77255  0.38650  1.13766
     77   2.89074  5.43464  1.41675  2.00836  4.74419  2.86481  3.74123  4.25746  2.73767  3.75760  4.59395  2.21297  3.82523  2.90265  3.32459  2.78802  3.17709  3.82893  5.92391  4.42883     84 d - - -
          2.68618  4.42225  2.77519  2.73123  3.46354  2.40513  3.72494  3.29354  2.67741  2.69355  4.24690  2.90347  2.73739  3.18146  2.89801  2.37887  2.77519  2.98518  4.58477  3.61503
          0.02805  3.98361  4.70596  0.61958  0.77255  0.48576  0.95510
     78   3.02801  4.70584  3.59246  3.15869  2.49341  3.79979  3.19385  3.29461  2.89113  2.81795  3.84984  3.45702  4.19645  3.33043  2.90114  3.14261  3.25963  3.09227  4.10474  1.30147     85 y - - -
          2.68618  4.42225  2.77519  2.73123  3.46354  2.40513  3.72494  3.29354  2.67741  2.69355  4.24690  2.90347  2.73739  3.18146  2.89801  2.37887  2.77519  2.98518  4.58477  3.61503
          0.02805  3.98361  4.70596  0.61958  0.77255  0.48576  0.95510
     79   2.62851  4.68940  3.11167  2.58897  4.02435  3.41476  3.68234  3.13441  1.77478  3.01645  3.87535  3.05395  3.85308  2.85724  2.70692  2.61644  2.26673  3.04451  5.28130  3.99912     86 k - - -
          2.68618  4.42225  2.77519  2.73123  3.46354  2.40513  3.72494  3.29354  2.67741  2.69355  4.24690  2.90347  2.73739  3.18146  2.89801  2.37887  2.77519  2.98518  4.58477  3.61503
          0.02805  3.98361  4.70596  0.61958  0.77255  0.48576  0.95510
     80   2.87727  4.32058  4.24353  3.71419  2.37070  3.97630  4.12071  2.26496  3.59749  2.02577  3.22035  3.91860  4.32519  3.81261  3.79113  3.29517  3.12093  1.42475  4.61135  2.98025     87 v - - -
          2.68618  4.42225  2.77519  2.73123  3.46354  2.40513  3.72494  3.29354  2.67741  2.69355  4.24690  2.90347  2.73739  3.18146  2.89801  2.37887  2.77519  2.98518  4.58477  3.61503
          0.02805  3.98361  4.70596  0.61958  0.77255  0.48576  0.95510
     81   2.52310  5.01680  2.62064  2.05154  4.31979  3.34605  3.60521  3.76304  1.95560  3.30459  4.09852  2.73595  3.79015  2.73616  2.82620  2.63730  2.51510  3.38823  5.48707  4.11289     88 k - - -
          2.68618  4.42225  2.77519  2.73123  3.46354  2.40513  3.72494  3.29354  2.67741  2.69355  4.24690  2.90347  2.73739  3.18146  2.89801  2.37887  2.77519  2.98518  4.58477  3.61503
          0.02805  3.98361  4.70596  0.61958  0.77255  0.48576  0.95510
     82   2.81388  4.37731  4.56805  4.02209  3.36312  4.27518  4.69184  1.62351  3.91011  1.48433  3.18811  4.27470  4.57153  4.13950  4.10971  3.61291  3.25718  1.54974  5.25117  4.09203     89 l - - -
          2.68618  4.42225  2.77519  2.73123  3.46354  2.40513  3.72494  3.29354  2.67741  2.69355  4.24690  2.90347  2.73739  3.18146  2.89801  2.37887  2.77519  2.98518  4.58477  3.61503
          0.02805  3.98361  4.70596  0.61958  0.77255  0.48576  0.95510
     83   2.59682  4.84423  2.65640  2.30705  3.24773  2.76664  3.40425  3.51997  2.41311  3.10910  3.91849  2.70533  3.78492  2.50989  2.88524  2.53952  2.83230  3.18432  5.33770  3.98608     90 e - - -
          2.68618  4.42225  2.77519  2.73123  3.46354  2.40513  3.72494  3.29354  2.67741  2.69355  4.24690  2.90347  2.73739  3.18146  2.89801  2.37887  2.77519  2.98518  4.58477  3.61503
          0.02805  3.98361  4.70596  0.61958  0.77255  0.48576  0.95510
     84   2.77532  4.99063  1.74378  2.33354  4.58476  1.53135  3.88883  4.09607  2.89739  3.67466  4.53519  2.86748  3.83513  3.08470  3.41823  2.77090  3.12811  3.65489  5.78844  4.42590     91 g - - -
          2.68618  4.42225  2.77519  2.73123  3.46354  2.40513  3.72494  3.29354  2.67741  2.69355  4.24690  2.90347  2.73739  3.18146  2.89801  2.37887  2.77519  2.98518  4.58477  3.61503
          0.02805  3.98361  4.70596  0.61958  0.77255  0.48576  0.95510
     85   2.75671  5.17135  2.33827  2.03948  4.48970  3.33260  3.63449  3.93949  1.64671  3.45438  4.25865  2.81122  3.81832  2.76905  2.82400  2.70882  2.89691  3.55067  5.61020  4.22260     92 k - - -
          2.68618  4.42225  2.77519  2.73123  3.46354  2.40513  3.72494  3.29354  2.67741  2.69355  4.24690  2.90347  2.73739  3.18146  2.89801  2.37887  2.77519  2.98518  4.58477  3.61503
          0.02805  3.98361  4.70596  0.61958  0.77255  0.48576  0.95510
     86   2.76166  5.25347  2.08378  1.59914  4.54817  3.28489  3.31212  4.03181  2.39474  3.53458  4.33108  2.74841  3.79953  2.69916  3.01507  2.69446  2.90381  3.62225  5.69474  4.25960     93 e - - -
          2.68618  4.42225  2.77519  2.73123  3.46354  2.40513  3.72494  3.29354  2.67741  2.69355  4.24690  2.90347  2.73739  3.18146  2.89801  2.37887  2.77519  2.98518  4.58477  3.61503
          0.02805  3.98361  4.70596  0.61958  0.77255  0.48576  0.95510
     87   3.18338  4.68086  3.98791  3.57734  1.96940  3.99978  3.51378  3.20923  3.48098  2.71377  3.82266  3.20902  4.37218  3.67820  3.69815  3.33130  3.42247  3.04483  3.81133  1.15623     94 y - - -
          2.68618  4.42225  2.77519  2.73123  3.46354  2.40513  3.72494  3.29354  2.67741  2.69355  4.24690  2.90347  2.73739  3.18146  2.89801  2.37887  2.77519  2.98518  4.58477  3.61503
          0.02805  3.98361  4.70596  0.61958  0.77255  0.48576  0.95510
     88   2.59310  4.56050  3.11369  2.74210  4.06502  3.30613  3.84592  3.33786  2.22247  3.06719  3.97424  3.14717  3.86251  3.05885  2.86326  2.71121  1.52623  3.02531  5.36808  4.10627     95 t - - -
          2.68618  4.42225  2.77519  2.73123  3.46354  2.40513  3.72494  3.29354  2.67741  2.69355  4.24690  2.90347  2.73739  3.18146  2.89801  2.37887  2.77519  2.98518  4.58477  3.61503
          0.02805  3.98361  4.70596  0.61958  0.77255  0.48576  0.95510
     89   2.90436  4.64219  3.52371  3.37950  4.36354  3.32345  4.44707  3.93846  3.44649  3.55289  4.60813  3.67456  0.64467  3.83189  3.67865  3.07554  3.35487  3.57101  5.51873  4.48603     96 P - - -
          2.68618  4.42225  2.77519  2.73123  3.46354  2.40513  3.72494  3.29354  2.67741  2.69355  4.24690  2.90347  2.73739  3.18146  2.89801  2.37887  2.77519  2.98518  4.58477  3.61503
          0.02805  3.98361  4.70596  0.61958  0.77255  0.48576  0.95510
     90   2.84948  5.19104  2.52719  1.81643  4.48683  3.34720  3.68543  3.94961  2.40451  3.46702  4.32009  2.84811  3.86573  1.72900  2.79840  2.80313  3.09927  3.58813  5.62098  4.25299     97 q - - -
          2.68618  4.42225  2.77519  2.73123  3.46354  2.40513  3.72494  3.29354  2.67741  2.69355  4.24690  2.90347  2.73739  3.18146  2.89801  2.37887  2.77519  2.98518  4.58477  3.61503
          0.02805  3.98361  4.70596  0.61958  0.77255  0.48576  0.95510
     91   2.84658  5.21295  2.49142  1.63934  4.50828  3.33448  3.68563  3.97505  2.42799  3.48979  4.33811  2.82920  3.85839  1.91330  2.83787  2.79435  3.09834  3.60676  5.64413  4.26455     98 e - - -
          2.68618  4.42225  2.77519  2.73123  3.46354  2.40513  3.72494  3.29354  2.67741  2.69355  4.24690  2.90347  2.73739  3.18146  2.89801  2.37887  2.77519  2.98518  4.58477  3.61503
          0.02805  3.98361  4.70596  0.61958  0.77255  0.48576  0.95510
     92   3.08716  4.42875  4.71977  4.23589  3.49896  4.37655  4.95399  1.10689  4.10435  1.99090  3.31869  4.46162  4.70935  4.37922  4.30384  3.77175  3.36013  1.48366  5.47588  4.26854     99 i - - -
          2.68618  4.42225  2.77519  2.73123  3.46354  2.40513  3.72494  3.29354  2.67741  2.69355  4.24690  2.90347  2.73739  3.18146  2.89801  2.37887  2.77519  2.98518  4.58477  3.61503
          0.02805  3.98361  4.70596  0.61958  0.77255  0.48576  0.95510
     93   2.37235  4.29368  3.30583  3.12776  4.18829  3.02164  4.23405  3.72641  3.20903  3.43843  4.35588  3.33404  3.76983  3.54984  3.49095  0.93503  2.86099  3.23711  5.55209  4.27267    100 s - - -
          2.68618  4.42225  2.77519  2.73123  3.46354  2.40513  3.72494  3.29354  2.67741  2.69355  4.24690  2.90347  2.73739  3.18146  2.89801  2.37887  2.77519  2.98518  4.58477  3.61503
          0.02805  3.98361  4.70596  0.61958  0.77255  0.48576  0.95510
     94   1.07273  4.14257  3.46358  3.21762  4.21911  2.94589  4.26062  3.50953  3.25723  3.31207  4.19175  3.33876  3.70403  3.56108  3.53630  2.10789  2.72037  3.03127  5.60777  4.38775    101 a - - -
          2.68618  4.42225  2.77519  2.73123  3.46354  2.40513  3.72494  3.29354  2.67741  2.69355  4.24690  2.90347  2.73739  3.18146  2.89801  2.37887  2.77519  2.98518  4.58477  3.61503
          0.02805  3.98361  4.70596  0.61958  0.77255  0.48576  0.95510
     95   2.65070  4.23132  3.75416  3.19065  2.38908  3.66823  3.57644  2.63389  3.04876  2.24738  2.21307  3.50176  4.03797  3.35678  3.05112  2.94619  2.88269  2.46938  4.61629  3.27408    102 m - - -
          2.68618  4.42225  2.77519  2.73123  3.46354  2.40513  3.72494  3.29354  2.67741  2.69355  4.24690  2.90347  2.73739  3.18146  2.89801  2.37887  2.77519  2.98518  4.58477  3.61503
          0.02805  3.98361  4.70596  0.61958  0.77255  0.48576  0.95510
     96   3.11808  4.50739  4.49119  4.11206  3.45080  4.18456  4.82046  0.95007  3.94231  2.01533  3.37011  4.34193  4.60609  4.27983  4.12629  3.69152  3.41569  1.85467  5.36384  4.11099    103 i - - -
          2.68618  4.42225  2.77519  2.73123  3.46354  2.40513  3.72494  3.29354  2.67741  2.69355  4.24690  2.90347  2.73739  3.18146  2.89801  2.37887  2.77519  2.98518  4.58477  3.61503
          0.02805  3.98361  4.70596  0.61958  0.77255  0.48576  0.95510
     97   3.28139  4.71130  4.36758  4.00895  3.18073  4.12257  4.62987  2.39195  3.77559  0.74959  3.17081  4.27360  4.53947  4.11729  3.93307  3.70789  3.57096  2.45794  5.09929  3.84793    104 l - - -
          2.68618  4.42225  2.77519  2.73123  3.46354  2.40513  3.72494  3.29354  2.67741  2.69355  4.24690  2.90347  2.73739  3.18146  2.89801  2.37887  2.77519  2.98518  4.58477  3.61503
          0.02805  3.98361  4.70596  0.61958  0.77255  0.48576  0.95510
     98   2.88414  5.00677  3.03745  2.61973  4.29163  3.49025  3.67998  3.78597  2.16787  3.28537  4.18463  3.07971  3.94731  1.45545  2.22750  2.89883  3.11654  3.47202  5.40605  4.12580    105 q - - -
          2.68618  4.42225  2.77519  2.73123  3.46354  2.40513  3.72494  3.29354  2.67741  2.69355  4.24690  2.90347  2.73739  3.18146  2.89801  2.37887  2.77519  2.98518  4.58477  3.61503
          0.02805  3.98361  4.70596  0.61958  0.77255  0.48576  0.95510
     99   3.07584  5.04176  3.25908  2.86109  4.45361  3.55217  3.82434  3.89010  0.89580  3.43149  4.38798  3.28029  4.04551  3.01026  2.45766  3.11114  3.32136  3.59198  5.46340  4.29261    106 k - - -
          2.68618  4.42225  2.77519  2.73123  3.46354  2.40513  3.72494  3.29354  2.67741  2.69355  4.24690  2.90347  2.73739  3.18146  2.89801  2.37887  2.77519  2.98518  4.58477  3.61503
          0.02805  3.98361  4.70596  0.61958  0.77255  0.48576  0.95510
    100   3.18444  4.51548  4.73582  4.22574  3.28191  4.45982  4.86107  1.21445  4.05346  1.48060  3.12397  4.47848  4.72316  4.29944  4.22724  3.84005  3.43283  1.84538  5.29417  4.10383    107 i - - -
          2.68618  4.42225  2.77519  2.73123  3.46354  2.40513  3.72494  3.29354  2.67741  2.69355  4.24690  2.90347  2.73739  3.18146  2.89801  2.37887  2.77519  2.98518  4.58477  3.61503
          0.02805  3.98361  4.70596  0.61958  0.77255  0.48576  0.95510
    101   3.07584  5.04176  3.25908  2.86109  4.45361  3.55217  3.82434  3.89010  0.89580  3.43149  4.38798  3.28029  4.04551  3.01026  2.45766  3.11114  3.32136  3.59198  5.46340  4.29261    108 k - - -
          2.68618  4.42225  2.77519  2.73123  3.46354  2.40513  3.72494  3.29354  2.67741  2.69355  4.24690  2.90347  2.73739  3.18146  2.89801  2.37887  2.77519  2.98518  4.58477  3.61503
          0.02805  3.98361  4.70596  0.61958  0.77255  0.48576  0.95510
    102   2.45716  4.97635  2.82008  2.38802  4.28695  3.41095  3.40893  3.71647  1.96825  3.24734  4.04062  2.90790  3.80704  2.52653  2.23556  2.64612  2.73912  3.35154  5.41361  4.07567    109 k - - -
          2.68618  4.42225  2.77519  2.73123  3.46354  2.40513  3.72494  3.29354  2.67741  2.69355  4.24690  2.90347  2.73739  3.18146  2.89801  2.37887  2.77519  2.98518  4.58477  3.61503
          0.02805  3.98361  4.70596  0.61958  0.77255  0.48576  0.95510
    103   3.00181  5.41379  1.00548  2.08958  4.73685  3.22735  3.85457  4.25667  2.92062  3.82490  4.73587  2.75229  3.87874  3.04879  3.50341  2.90482  3.31630  3.86038  5.93776  4.48720    110 d - - -
          2.68618  4.42225  2.77519  2.73123  3.46354  2.40513  3.72494  3.29354  2.67741  2.69355  4.24690  2.90347  2.73739  3.18146  2.89801  2.37887  2.77519  2.98518  4.58477  3.61503
          0.02805  3.98361  4.70596  0.61958  0.77255  0.48576  0.95510
    104   0.86475  4.25027  3.57781  3.37542  4.16530  3.07160  4.38401  3.30763  3.39459  3.18400  4.20452  3.49618  3.82144  3.72578  3.63676  2.60006  2.88517  2.94277  5.58136  4.39428    111 a - - -
          2.68618  4.42225  2.77519  2.73123  3.46354  2.40513  3.72494  3.29354  2.67741  2.69355  4.24690  2.90347  2.73739  3.18146  2.89801  2.37887  2.77519  2.98518  4.58477  3.61503
          0.02805  3.98361  4.70596  0.61958  0.77255  0.48576  0.95510
    105   3.05096  5.18162  2.53890  0.87715  4.54225  3.34792  3.94569  4.01835  2.84043  3.61809  4.58829  3.00035  3.95810  3.15972  3.25999  3.02271  3.35640  3.69113  5.69292  4.41646    112 e - - -
          2.68618  4.42225  2.77519  2.73123  3.46354  2.40513  3.72494  3.29354  2.67741  2.69355  4.24690  2.90347  2.73739  3.18146  2.89801  2.37887  2.77519  2.98518  4.58477  3.61503
          0.02805  3.98361  4.70596  0.61958  0.77255  0.48576  0.95510
    106   1.66050  4.86076  2.47802  1.97827  4.25829  3.26717  3.75003  3.62878  2.63795  3.28101  4.13191  2.87560  3.81640  2.92829  3.10704  2.69432  2.96806  3.28116  5.53220  4.17511    113 a - - -
          2.68618  4.42225  2.77519  2.73123  3.46354  2.40513  3.72494  3.29354  2.67741  2.69355  4.24690  2.90347  2.73739  3.18146  2.89801  2.37887  2.77519  2.98518  4.58477  3.61503
          0.02805  3.98361  4.70596  0.61958  0.77255  0.48576  0.95510
    107   3.56993  4.83465  4.54215  4.21187  1.38711  4.33157  3.46266  3.27300  4.06470  2.61764  3.87633  4.02005  4.64680  4.06419  4.12303  3.69721  3.79422  3.19480  3.61413  1.14179    114 y - - -
          2.68618  4.42225  2.77519  2.73123  3.46354  2.40513  3.72494  3.29354  2.67741  2.69355  4.24690  2.90347  2.73739  3.18146  2.89801  2.37887  2.77519  2.98518  4.58477  3.61503
          0.02805  3.98361  4.70596  0.61958  0.77255  0.48576  0.95510
    108   3.19082  4.56582  4.65638  4.12223  3.17228  4.40133  4.76902  1.95949  3.95709  1.00216  2.99681  4.39803  4.66026  4.17394  4.13563  3.76026  3.43542  1.88603  5.20613  4.06188    115 l - - -
          2.68618  4.42225  2.77519  2.73123  3.46354  2.40513  3.72494  3.29354  2.67741  2.69355  4.24690  2.90347  2.73739  3.18146  2.89801  2.37887  2.77519  2.98518  4.58477  3.61503
          0.02805  3.98361  4.70596  0.61958  0.77255  0.48576  0.95510
    109   2.80810  4.57154  3.50455  3.41857  4.55698  0.57650  4.53118  4.18447  3.61489  3.82441  4.80174  3.66897  3.96620  3.93034  3.83789  2.98335  3.29799  3.69135  5.62189  4.66295    116 G - - -
          2.68618  4.42225  2.77519  2.73123  3.46354  2.40513  3.72494  3.29354  2.67741  2.69355  4.24690  2.90347  2.73739  3.18146  2.89801  2.37887  2.77519  2.98518  4.58477  3.61503
          0.02805  3.98361  4.70596  0.61958  0.77255  0.48576  0.95510
    110   2.88391  5.43055  1.89587  1.36545  4.71110  3.23976  3.71914  4.21768  2.66829  3.71474  4.54628  2.69838  3.82688  2.63107  3.22566  2.78290  3.15764  3.79915  5.87510  4.39430    117 e - - -
          2.68618  4.42225  2.77519  2.73123  3.46354  2.40513  3.72494  3.29354  2.67741  2.69355  4.24690  2.90347  2.73739  3.18146  2.89801  2.37887  2.77519  2.98518  4.58477  3.61503
          0.02805  3.98361  4.70596  0.61958  0.77255  0.48576  0.95510
    111   2.65677  5.05281  2.37387  1.99166  4.35235  3.32222  3.61005  3.80803  2.27080  3.34398  4.13270  2.80981  2.99562  2.73987  2.90595  2.62761  2.44562  3.42256  5.52608  4.13163    118 e - - -
          2.68618  4.42225  2.77519  2.73123  3.46354  2.40513  3.72494  3.29354  2.67741  2.69355  4.24690  2.90347  2.73739  3.18146  2.89801  2.37887  2.77519  2.98518  4.58477  3.61503
          0.02805  3.98361  4.70596  0.61958  0.77255  0.48576  0.95510
    112   3.07820  4.40416  4.75382  4.25943  3.54507  4.40512  4.97997  1.29537  4.14424  2.05006  3.35524  4.48315  4.72600  4.41275  4.34665  3.79288  3.34645  1.21345  5.50759  4.30139    119 v - - -
          2.68618  4.42225  2.77519  2.73123  3.46354  2.40513  3.72494  3.29354  2.67741  2.69355  4.24690  2.90347  2.73739  3.18146  2.89801  2.37887  2.77519  2.98518  4.58477  3.61503
          0.02805  3.98361  4.70596  0.61958  0.77255  0.48576  0.95510
    113   2.69196  5.05571  2.65511  1.86155  4.37277  3.13524  3.61907  3.81736  2.04672  3.35057  4.14975  2.62463  3.80281  2.75271  2.81384  2.66586  2.58497  3.43907  5.52455  4.15137    120 e - - -
          2.68618  4.42225  2.77519  2.73123  3.46354  2.40513  3.72494  3.29354  2.67741  2.69355  4.24690  2.90347  2.73739  3.18146  2.89801  2.37887  2.77519  2.98518  4.58477  3.61503
          0.02805  3.98361  4.70596  0.61958  0.77255  0.48576  0.95510
    114   2.76801  5.15931  2.56882  2.17815  4.49111  3.37978  3.61158  3.93328  1.71623  3.42916  4.23237  2.85712  3.83540  2.19553  2.66106  2.72579  2.99732  3.54933  5.56447  4.20823    121 k - - -
          2.68618  4.42225  2.77519  2.73123  3.46354  2.40513  3.72494  3.29354  2.67741  2.69355  4.24690  2.90347  2.73739  3.18146  2.89801  2.37887  2.77519  2.98518  4.58477  3.61503
          0.02805  3.98361  4.70596  0.61958  0.77255  0.48576  0.95510
    115   1.02864  4.16305  3.54357  3.29359  4.16108  3.00379  4.30897  3.23861  3.29215  3.14830  4.11393  3.40452  3.75487  3.61667  3.55546  2.47983  2.56250  2.85349  5.60330  4.39368    122 a - - -
          2.68618  4.42225  2.77519  2.73123  3.46354  2.40513  3.72494  3.29354  2.67741  2.69355  4.24690  2.90347  2.73739  3.18146  2.89801  2.37887  2.77519  2.98518  4.58477  3.61503
          0.02805  3.98361  4.70596  0.61958  0.77255  0.48576  0.95510
    116   2.89628  4.40926  4.27816  3.94572  3.63309  3.83770  4.72879  2.05023  3.81518  2.30149  3.58235  4.11742  4.39274  4.16743  4.01681  3.34900  3.25559  0.89564  5.43597  4.17404    123 v - - -
          2.68618  4.42225  2.77519  2.73123  3.46354  2.40513  3.72494  3.29354  2.67741  2.69355  4.24690  2.90347  2.73739  3.18146  2.89801  2.37887  2.77519  2.98518  4.58477  3.61503
          0.02805  3.98361  4.70596  0.61958  0.77255  0.48576  0.95510
    117   3.11808  4.50739  4.49119  4.11206  3.45080  4.18456  4.82046  0.95007  3.94231  2.01533  3.37011  4.34193  4.60609  4.27983  4.12629  3.69152  3.41569  1.85467  5.36384  4.11099    124 i - - -
          2.68618  4.42225  2.77519  2.73123  3.46354  2.40513  3.72494  3.29354  2.67741  2.69355  4.24690  2.90347  2.73739  3.18146  2.89801  2.37887  2.77519  2.98518  4.58477  3.61503
          0.02805  3.98361  4.70596  0.61958  0.77255  0.48576  0.95510
    118   2.47535  4.32027  3.52971  3.28819  4.06989  3.15554  4.29665  3.21067  3.23335  3.07019  4.11446  3.47887  3.86845  3.62286  3.48599  2.67798  0.99657  2.89366  5.49791  4.28686    125 t - - -
          2.68618  4.42225  2.77519  2.73123  3.46354  2.40513  3.72494  3.29354  2.67741  2.69355  4.24690  2.90347  2.73739  3.18146  2.89801  2.37887  2.77519  2.98518  4.58477  3.61503
          0.02805  3.98361  4.70596  0.61958  0.77255  0.48576  0.95510
    119   2.89628  4.40926  4.27816  3.94572  3.63309  3.83770  4.72879  2.05023  3.81518  2.30149  3.58235  4.11742  4.39274  4.16743  4.01681  3.34900  3.25559  0.89564  5.43597  4.17404    126 v - - -
          2.68618  4.42225  2.77519  2.73123  3.46354  2.40513  3.72494  3.29354  2.67741  2.69355  4.24690  2.90347  2.73739  3.18146  2.89801  2.37887  2.77519  2.98518  4.58477  3.61503
          0.02805  3.98361  4.70596  0.61958  0.77255  0.48576  0.95510
    120   2.90436  4.64219  3.52371  3.37950  4.36354  3.32345  4.44707  3.93846  3.44649  3.55289  4.60813  3.67456  0.64467  3.83189  3.67865  3.07554  3.35487  3.57101  5.51873  4.48603    127 P - - -
          2.68618  4.42225  2.77519  2.73123  3.46354  2.40513  3.72494  3.29354  2.67741  2.69355  4.24690  2.90347  2.73739  3.18146  2.89801  2.37887  2.77519  2.98518  4.58477  3.61503
          0.02805  3.98361  4.70596  0.61958  0.77255  0.48576  0.95510
    121   0.86475  4.25027  3.57781  3.37542  4.16530  3.07160  4.38401  3.30763  3.39459  3.18400  4.20452  3.49618  3.82144  3.72578  3.63676  2.60006  2.88517  2.94277  5.58136  4.39428    128 a - - -
          2.68618  4.42225  2.77519  2.73123  3.46354  2.40513  3.72494  3.29354  2.67741  2.69355  4.24690  2.90347  2.73739  3.18146  2.89801  2.37887  2.77519  2.98518  4.58477  3.61503
          0.02805  3.98361  4.70596  0.61958  0.77255  0.48576  0.95510
    122   3.41059  4.85446  4.00360  3.75473  2.30409  3.96060  3.67503  3.40460  3.60909  2.82962  4.06830  3.86234  4.43229  3.88832  3.76963  3.53587  3.69805  3.28053  3.95179  0.79926    129 y - - -
          2.68618  4.42225  2.77519  2.73123  3.46354  2.40513  3.72494  3.29354  2.67741  2.69355  4.24690  2.90347  2.73739  3.18146  2.89801  2.37887  2.77519  2.98518  4.58477  3.61503
          0.02805  3.98361  4.70596  0.61958  0.77255  0.48576  0.95510
    123   3.40224  4.77177  4.39105  4.12758  0.84602  4.06412  3.93033  2.91328  4.03205  2.25819  3.62763  4.14563  4.52093  4.16965  4.12429  3.66584  3.70380  2.91197  4.14822  2.50203    130 f - - -
          2.68618  4.42225  2.77519  2.73123  3.46354  2.40513  3.72494  3.29354  2.67741  2.69355  4.24690  2.90347  2.73739  3.18146  2.89801  2.37887  2.77519  2.98518  4.58477  3.61503
          0.02805  3.98361  4.70596  0.61958  0.77255  0.48576  0.95510
    124   2.85142  5.22800  1.95347  2.19688  4.56777  3.22012  3.78612  4.12592  2.76677  3.67854  4.53752  1.41870  3.83774  2.96702  3.30393  2.79117  3.16082  3.71315  5.79877  4.34149    131 n - - -
          2.68618  4.42225  2.77519  2.73123  3.46354  2.40513  3.72494  3.29354  2.67741  2.69355  4.24690  2.90347  2.73739  3.18146  2.89801  2.37887  2.77519  2.98518  4.58477  3.61503
          0.02805  3.98361  4.70596  0.61958  0.77255  0.48576  0.95510
    125   3.11175  5.25366  0.77085  2.40991  4.64625  3.29733  4.03289  4.26031  3.13867  3.84928  4.83082  2.97147  3.95809  3.27295  3.66919  3.06228  3.45305  3.88800  5.79302  4.50211    132 d - - -
          2.68618  4.42225  2.77519  2.73123  3.46354  2.40513  3.72494  3.29354  2.67741  2.69355  4.24690  2.90347  2.73739  3.18146  2.89801  2.37887  2.77519  2.98518  4.58477  3.61503
          0.02805  3.98361  4.70596  0.61958  0.77255  0.48576  0.95510
    126   2.41660  4.88698  2.88281  2.41858  4.23698  3.37448  3.62378  3.65870  2.20796  3.21994  4.03113  2.19425  3.81310  2.76574  2.36565  2.45976  2.89108  3.30228  5.41034  4.08316    133 n - - -
          2.68618  4.42225  2.77519  2.73123  3.46354  2.40513  3.72494  3.29354  2.67741  2.69355  4.24690  2.90347  2.73739  3.18146  2.89801  2.37887  2.77519  2.98518  4.58477  3.61503
          0.02805  3.98361  4.70596  0.61958  0.77255  0.48576  0.95510
    127   2.97243  4.95938  2.97984  2.73730  4.14243  3.44152  3.89624  3.79116  2.55064  3.28238  4.30808  3.19764  3.99719  1.04873  2.83222  3.01594  3.26977  3.51422  5.39522  4.09669    134 q - - -
          2.68618  4.42225  2.77519  2.73123  3.46354  2.40513  3.72494  3.29354  2.67741  2.69355  4.24690  2.90347  2.73739  3.18146  2.89801  2.37887  2.77519  2.98518  4.58477  3.61503
          0.02805  3.98361  4.70596  0.61958  0.77255  0.48576  0.95510
    128   3.13361  4.96309  3.63588  3.12503  4.34594  3.59904  3.90916  3.89615  2.28828  3.39194  4.39008  3.47584  4.09698  3.12471  0.82131  3.21294  3.39249  3.61552  5.38442  4.25006    135 r - - -
          2.68618  4.42225  2.77519  2.73123  3.46354  2.40513  3.72494  3.29354  2.67741  2.69355  4.24690  2.90347  2.73739  3.18146  2.89801  2.37887  2.77519  2.98518  4.58477  3.61503
          0.02805  3.98361  4.70596  0.61958  0.77255  0.48576  0.95510
    129   2.76416  4.84732  2.88709  2.59375  4.18251  3.36344  3.78036  3.62950  2.42035  3.19356  4.14807  3.05598  3.90368  1.40232  2.72885  2.81250  2.83821  3.32342  5.44244  4.12233    136 q - - -
          2.68618  4.42225  2.77519  2.73123  3.46354  2.40513  3.72494  3.29354  2.67741  2.69355  4.24690  2.90347  2.73739  3.18146  2.89801  2.37887  2.77519  2.98518  4.58477  3.61503
          0.02805  3.98361  4.70596  0.61958  0.77255  0.48576  0.95510
    130   0.86475  4.25027  3.57781  3.37542  4.16530  3.07160  4.38401  3.30763  3.39459  3.18400  4.20452  3.49618  3.82144  3.72578  3.63676  2.60006  2.88517  2.94277  5.58136  4.39428    137 a - - -
          2.68618  4.42225  2.77519  2.73123  3.46354  2.40513  3.72494  3.29354  2.67741  2.69355  4.24690  2.90347  2.73739  3.18146  2.89801  2.37887  2.77519  2.98518  4.58477  3.61503
          0.02805  3.98361  4.70596  0.61958  0.77255  0.48576  0.95510
    131   2.47535  4.32027  3.52971  3.28819  4.06989  3.15554  4.29665  3.21067  3.23335  3.07019  4.11446  3.47887  3.86845  3.62286  3.48599  2.67798  0.99657  2.89366  5.49791  4.28686    138 t - - -
          2.68618  4.42225  2.77519  2.73123  3.46354  2.40513  3.72494  3.29354  2.67741  2.69355  4.24690  2.90347  2.73739  3.18146  2.89801  2.37887  2.77519  2.98518  4.58477  3.61503
          0.02805  3.98361  4.70596  0.61958  0.77255  0.48576  0.95510
    132   3.07584  5.04176  3.25908  2.86109  4.45361  3.55217  3.82434  3.89010  0.89580  3.43149  4.38798  3.28029  4.04551  3.01026  2.45766  3.11114  3.32136  3.59198  5.46340  4.29261    139 k - - -
          2.68618  4.42225  2.77519  2.73123  3.46354  2.40513  3.72494  3.29354  2.67741  2.69355  4.24690  2.90347  2.73739  3.18146  2.89801  2.37887  2.77519  2.98518  4.58477  3.61503
          0.02805  3.98361  4.70596  0.61958  0.77255  0.48576  0.95510
    133   3.11175  5.25366  0.77085  2.40991  4.64625  3.29733  4.03289  4.26031  3.13867  3.84928  4.83082  2.97147  3.95809  3.27295  3.66919  3.06228  3.45305  3.88800  5.79302  4.50211    140 d - - -
          2.68618  4.42225  2.77519  2.73123  3.46354  2.40513  3.72494  3.29354  2.67741  2.69355  4.24690  2.90347  2.73739  3.18146  2.89801  2.37887  2.77519  2.98518  4.58477  3.61503
          0.02805  3.98361  4.70596  0.61958  0.77255  0.48576  0.95510
    134   0.86475  4.25027  3.57781  3.37542  4.16530  3.07160  4.38401  3.30763  3.39459  3.18400  4.20452  3.49618  3.82144  3.72578  3.63676  2.60006  2.88517  2.94277  5.58136  4.39428    141 a - - -
          2.68618  4.42225  2.77519  2.73123  3.46354  2.40513  3.72494  3.29354  2.67741  2.69355  4.24690  2.90347  2.73739  3.18146  2.89801  2.37887  2.77519  2.98518  4.58477  3.61503
          0.02805  3.98361  4.70596  0.61958  0.77255  0.48576  0.95510
    135   2.80810  4.57154  3.50455  3.41857  4.55698  0.57650  4.53118  4.18447  3.61489  3.82441  4.80174  3.66897  3.96620  3.93034  3.83789  2.98335  3.29799  3.69135  5.62189  4.66295    142 G - - -
          2.68618  4.42225  2.77519  2.73123  3.46354  2.40513  3.72494  3.29354  2.67741  2.69355  4.24690  2.90347  2.73739  3.18146  2.89801  2.37887  2.77519  2.98518  4.58477  3.61503
          0.02805  3.98361  4.70596  0.61958  0.77255  0.48576  0.95510
    136   2.35394  4.77416  2.78803  2.03881  4.11905  3.32433  3.68293  3.51691  2.49709  3.13690  3.96876  2.92372  3.80434  2.73287  2.93623  2.57919  2.12322  3.18069  5.38357  4.05333    143 e - - -
          2.68618  4.42225  2.77519  2.73123  3.46354  2.40513  3.72494  3.29354  2.67741  2.69355  4.24690  2.90347  2.73739  3.18146  2.89801  2.37887  2.77519  2.98518  4.58477  3.61503
          0.02805  3.98361  4.70596  0.61958  0.77255  0.48576  0.95510
    137   3.11808  4.50739  4.49119  4.11206  3.45080  4.18456  4.82046  0.95007  3.94231  2.01533  3.37011  4.34193  4.60609  4.27983  4.12629  3.69152  3.41569  1.85467  5.36384  4.11099    144 i - - -
          2.68618  4.42225  2.77519  2.73123  3.46354  2.40513  3.72494  3.29354  2.67741  2.69355  4.24690  2.90347  2.73739  3.18146  2.89801  2.37887  2.77519  2.98518  4.58477  3.61503
          0.02805  3.98361  4.70596  0.61958  0.77255  0.48576  0.95510
    138   0.86475  4.25027  3.57781  3.37542  4.16530  3.07160  4.38401  3.30763  3.39459  3.18400  4.20452  3.49618  3.82144  3.72578  3.63676  2.60006  2.88517  2.94277  5.58136  4.39428    145 a - - -
          2.68618  4.42225  2.77519  2.73123  3.46354  2.40513  3.72494  3.29354  2.67741  2.69355  4.24690  2.90347  2.73739  3.18146  2.89801  2.37887  2.77519  2.98518  4.58477  3.61503
          0.02805  3.98361  4.70596  0.61958  0.77255  0.48576  0.95510
    139   2.80810  4.57154  3.50455  3.41857  4.55698  0.57650  4.53118  4.18447  3.61489  3.82441  4.80174  3.66897  3.96620  3.93034  3.83789  2.98335  3.29799  3.69135  5.62189  4.66295    146 G - - -
          2.68618  4.42225  2.77519  2.73123  3.46354  2.40513  3.72494  3.29354  2.67741  2.69355  4.24690  2.90347  2.73739  3.18146  2.89801  2.37887  2.77519  2.98518  4.58477  3.61503
          0.02805  3.98361  4.70596  0.61958  0.77255  0.48576  0.95510
    140   3.28394  4.64106  4.65846  4.16265  1.95948  4.38718  4.36008  2.33093  4.01866  1.05193  2.98057  4.33613  4.63630  4.13736  4.14326  3.75175  3.51482  2.43862  4.62775  3.18051    147 l - - -
          2.68618  4.42225  2.77519  2.73123  3.46354  2.40513  3.72494  3.29354  2.67741  2.69355  4.24690  2.90347  2.73739  3.18146  2.89801  2.37887  2.77519  2.98518  4.58477  3.61503
          0.02805  3.98361  4.70596  0.61958  0.77255  0.48576  0.95510
    141   2.92693  5.51601  1.56301  1.48838  4.79776  3.21667  3.74569  4.32102  2.75251  3.81177  4.65424  2.52636  3.83197  2.90796  3.34733  2.80936  3.21197  3.88846  5.96851  4.45690    148 e - - -
          2.68618  4.42225  2.77519  2.73123  3.46354  2.40513  3.72494  3.29354  2.67741  2.69355  4.24690  2.90347  2.73739  3.18146  2.89801  2.37887  2.77519  2.98518  4.58477  3.61503
          0.02805  3.98361  4.70596  0.61958  0.77255  0.48576  0.95510
    142   2.89628  4.40926  4.27816  3.94572  3.63309  3.83770  4.72879  2.05023  3.81518  2.30149  3.58235  4.11742  4.39274  4.16743  4.01681  3.34900  3.25559  0.89564  5.43597  4.17404    149 v - - -
          2.68618  4.42225  2.77519  2.73123  3.46354  2.40513  3.72494  3.29354  2.67741  2.69355  4.24690  2.90347  2.73739  3.18146  2.89801  2.37887  2.77519  2.98518  4.58477  3.61503
          0.02805  3.98361  4.70596  0.61958  0.77255  0.48576  0.95510
    143   2.59230  4.63315  2.95181  2.22845  3.83761  3.43615  3.65249  3.20967  2.34309  2.39652  3.71882  3.01173  3.83199  2.84285  2.78373  2.67247  2.82316  2.55104  5.16098  3.86536    150 e - - -
          2.68618  4.42225  2.77519  2.73123  3.46354  2.40513  3.72494  3.29354  2.67741  2.69355  4.24690  2.90347  2.73739  3.18146  2.89801  2.37887  2.77519  2.98518  4.58477  3.61503
          0.02805  3.98361  4.70596  0.61958  0.77255  0.48576  0.95510
    144   3.13361  4.96309  3.63588  3.12503  4.34594  3.59904  3.90916  3.89615  2.28828  3.39194  4.39008  3.47584  4.09698  3.12471  0.82131  3.21294  3.39249  3.61552  5.38442  4.25006    151 r - - -
          2.68618  4.42225  2.77519  2.73123  3.46354  2.40513  3.72494  3.29354  2.67741  2.69355  4.24690  2.90347  2.73739  3.18146  2.89801  2.37887  2.77519  2.98518  4.58477  3.61503
          0.02805  3.98361  4.70596  0.61958  0.77255  0.48576  0.95510
    145   3.12745  4.46478  4.72055  4.21980  3.41022  4.41953  4.90984  1.09169  4.06266  1.81835  3.24243  4.46300  4.71972  4.33609  4.25673  3.80327  3.38925  1.65503  5.40250  4.19542    152 i - - -
          2.68618  4.42225  2.77519  2.73123  3.46354  2.40513  3.72494  3.29354  2.67741  2.69355  4.24690  2.90347  2.73739  3.18146  2.89801  2.37887  2.77519  2.98518  4.58477  3.61503
          0.02805  3.98361  4.70596  0.61958  0.77255  0.48576  0.95510
    146   3.08423  4.41156  4.75420  4.26149  3.53111  4.40599  4.97974  1.20218  4.14296  2.02889  3.34173  4.48554  4.72668  4.41061  4.34343  3.79533  3.35287  1.31925  5.50080  4.29673    153 i - - -
          2.68618  4.42225  2.77519  2.73123  3.46354  2.40513  3.72494  3.29354  2.67741  2.69355  4.24690  2.90347  2.73739  3.18146  2.89801  2.37887  2.77519  2.98518  4.58477  3.61503
          0.02805  3.98361  4.70596  0.61958  0.77255  0.48576  0.95510
    147   2.81838  4.81683  2.77457  2.67179  4.19807  3.26073  4.01503  3.93345  2.92862  3.56800  4.52337  0.97539  3.91851  3.28883  3.28632  2.88187  3.20443  3.54438  5.49133  4.13907    154 n - - -
          2.68618  4.42225  2.77519  2.73123  3.46354  2.40513  3.72494  3.29354  2.67741  2.69355  4.24690  2.90347  2.73739  3.18146  2.89801  2.37887  2.77519  2.98518  4.58477  3.61503
          0.02805  3.98361  4.70596  0.61958  0.77255  0.48576  0.95510
    148   3.05096  5.18162  2.53890  0.87715  4.54225  3.34792  3.94569  4.01835  2.84043  3.61809  4.58829  3.00035  3.95810  3.15972  3.25999  3.02271  3.35640  3.69113  5.69292  4.41646    155 e - - -
          2.68618  4.42225  2.77519  2.73123  3.46354  2.40513  3.72494  3.29354  2.67741  2.69355  4.24690  2.90347  2.73739  3.18146  2.89801  2.37887  2.77519  2.98518  4.58477  3.61503
          0.02805  3.98361  4.70596  0.61958  0.77255  0.48576  0.95510
    149   2.90436  4.64219  3.52371  3.37950  4.36354  3.32345  4.44707  3.93846  3.44649  3.55289  4.60813  3.67456  0.64467  3.83189  3.67865  3.07554  3.35487  3.57101  5.51873  4.48603    156 P - - -
          2.68618  4.42225  2.77519  2.73123  3.46354  2.40513  3.72494  3.29354  2.67741  2.69355  4.24690  2.90347  2.73739  3.18146  2.89801  2.37887  2.77519  2.98518  4.58477  3.61503
          0.02805  3.98361  4.70596  0.61958  0.77255  0.48576  0.95510
    150   2.47535  4.32027  3.52971  3.28819  4.06989  3.15554  4.29665  3.21067  3.23335  3.07019  4.11446  3.47887  3.86845  3.62286  3.48599  2.67798  0.99657  2.89366  5.49791  4.28686    157 t - - -
          2.68618  4.42225  2.77519  2.73123  3.46354  2.40513  3.72494  3.29354  2.67741  2.69355  4.24690  2.90347  2.73739  3.18146  2.89801  2.37887  2.77519  2.98518  4.58477  3.61503
          0.02805  3.98361  4.70596  0.61958  0.77255  0.48576  0.95510
    151   0.99507  4.16167  3.47989  3.25802  4.18457  2.97367  4.29277  3.39837  3.28738  3.26035  4.18648  3.37348  3.73352  3.60616  3.55152  2.34800  2.75539  2.96459  5.60104  4.37069    158 a - - -
          2.68618  4.42225  2.77519  2.73123  3.46354  2.40513  3.72494  3.29354  2.67741  2.69355  4.24690  2.90347  2.73739  3.18146  2.89801  2.37887  2.77519  2.98518  4.58477  3.61503
          0.02805  3.98361  4.70596  0.61958  0.77255  0.48576  0.95510
    152   0.86475  4.25027  3.57781  3.37542  4.16530  3.07160  4.38401  3.30763  3.39459  3.18400  4.20452  3.49618  3.82144  3.72578  3.63676  2.60006  2.88517  2.94277  5.58136  4.39428    159 a - - -
          2.68618  4.42225  2.77519  2.73123  3.46354  2.40513  3.72494  3.29354  2.67741  2.69355  4.24690  2.90347  2.73739  3.18146  2.89801  2.37887  2.77519  2.98518  4.58477  3.61503
          0.02805  3.98361  4.70596  0.61958  0.77255  0.48576  0.95510
    153   1.67635  3.50490  3.69520  3.29760  4.12387  2.94386  4.22908  3.44970  3.24181  3.21244  4.06304  3.37194  3.68326  3.53136  3.52793  1.37445  2.66174  2.97537  5.51071  4.31289    160 s - - -
          2.68618  4.42225  2.77519  2.73123  3.46354  2.40513  3.72494  3.29354  2.67741  2.69355  4.24690  2.90347  2.73739  3.18146  2.89801  2.37887  2.77519  2.98518  4.58477  3.61503
          0.02805  3.98361  4.70596  0.61958  0.77255  0.48576  0.95510
    154   3.25422  4.64076  4.63901  4.09495  3.05577  4.41760  4.70627  2.20433  3.89664  0.97076  2.15542  4.38604  4.64539  4.10547  4.05881  3.77259  3.48418  2.32347  5.10887  3.99060    161 l - - -
          2.68618  4.42225  2.77519  2.73123  3.46354  2.40513  3.72494  3.29354  2.67741  2.69355  4.24690  2.90347  2.73739  3.18146  2.89801  2.37887  2.77519  2.98518  4.58477  3.61503
          0.02805  3.98361  4.70596  0.61958  0.77255  0.48576  0.95510
    155   0.86475  4.25027  3.57781  3.37542  4.16530  3.07160  4.38401  3.30763  3.39459  3.18400  4.20452  3.49618  3.82144  3.72578  3.63676  2.60006  2.88517  2.94277  5.58136  4.39428    162 a - - -
          2.68618  4.42225  2.77519  2.73123  3.46354  2.40513  3.72494  3.29354  2.67741  2.69355  4.24690  2.90347  2.73739  3.18146  2.89801  2.37887  2.77519  2.98518  4.58477  3.61503
          0.02805  3.98361  4.70596  0.61958  0.77255  0.48576  0.95510
    156   3.53935  4.83739  4.45935  4.12083  1.66132  4.29371  3.47239  3.27054  3.97907  2.62708  3.88371  3.98515  4.62087  4.01895  4.06724  3.66223  3.76846  3.18782  3.63754  0.99093    163 y - - -
          2.68618  4.42225  2.77519  2.73123  3.46354  2.40513  3.72494  3.29354  2.67741  2.69355  4.24690  2.90347  2.73739  3.18146  2.89801  2.37887  2.77519  2.98518  4.58477  3.61503
          0.02805  3.98361  4.70596  0.61958  0.77255  0.48576  0.95510
    157   2.80810  4.57154  3.50455  3.41857  4.55698  0.57650  4.53118  4.18447  3.61489  3.82441  4.80174  3.66897  3.96620  3.93034  3.83789  2.98335  3.29799  3.69135  5.62189  4.66295    164 G - - -
          2.68618  4.42225  2.77519  2.73123  3.46354  2.40513  3.72494  3.29354  2.67741  2.69355  4.24690  2.90347  2.73739  3.18146  2.89801  2.37887  2.77519  2.98518  4.58477  3.61503
          0.02805  3.98361  4.70596  0.61958  0.77255  0.48576  0.95510
    158   3.19680  4.57675  4.64833  4.11729  3.16155  4.39641  4.76222  1.98128  3.94445  0.98069  2.99077  4.39363  4.65833  4.16653  4.12269  3.75794  3.44268  1.92868  5.19796  4.04864    165 l - - -
          2.68618  4.42225  2.77519  2.73123  3.46354  2.40513  3.72494  3.29354  2.67741  2.69355  4.24690  2.90347  2.73739  3.18146  2.89801  2.37887  2.77519  2.98518  4.58477  3.61503
          0.02805  3.98361  4.70596  0.61958  0.77255  0.48576  0.95510
    159   3.11175  5.25366  0.77085  2.40991  4.64625  3.29733  4.03289  4.26031  3.13867  3.84928  4.83082  2.97147  3.95809  3.27295  3.66919  3.06228  3.45305  3.88800  5.79302  4.50211    166 d - - -
          2.68618  4.42225  2.77519  2.73123  3.46354  2.40513  3.72494  3.29354  2.67741  2.69355  4.24690  2.90347  2.73739  3.18146  2.89801  2.37887  2.77519  2.98518  4.58477  3.61503
          0.02805  3.98361  4.70596  0.61958  0.77255  0.48576  0.95510
    160   2.79755  5.22653  2.13412  2.12513  4.54398  3.32097  3.65482  4.00154  1.58949  3.51138  4.32425  2.79761  3.82898  2.79435  2.86111  2.73933  3.04499  3.60958  5.65988  4.26395    167 k - - -
          2.68618  4.42225  2.77519  2.73123  3.46354  2.40513  3.72494  3.29354  2.67741  2.69355  4.24690  2.90347  2.73739  3.18146  2.89801  2.37887  2.77519  2.98518  4.58477  3.61503
          0.02805  3.98361  4.70596  0.61958  0.77255  0.48576  0.95510
    161   2.54248  4.99310  2.51763  1.94984  4.28853  2.68690  3.61810  3.73557  2.35081  3.12548  4.08596  2.82680  3.78196  2.75424  2.91996  2.37895  2.88959  3.36361  5.48705  4.10438    168 e - - -
          2.68618  4.42225  2.77519  2.73123  3.46354  2.40513  3.72494  3.29354  2.67741  2.69355  4.24690  2.90347  2.73739  3.18146  2.89801  2.37887  2.77519  2.98518  4.58477  3.61503
          0.17158  3.98361  1.97292  0.61958  0.77255  0.48576  0.95510
    162   2.73223  5.18332  2.02212  1.97005  4.47892  2.56791  3.62690  3.95322  2.27981  3.47637  4.28887  2.57050  3.75949  2.77368  3.02945  2.66891  2.99282  3.55699  5.65457  4.22335    169 e - - -
          2.68618  4.42225  2.77519  2.73123  3.46354  2.40513  3.72494  3.29354  2.67741  2.69355  4.24690  2.90347  2.73739  3.18146  2.89801  2.37887  2.77519  2.98518  4.58477  3.61503
          0.09171  3.84434  2.71468  0.61958  0.77255  0.41507  1.07968
    163   2.57663  4.72854  2.98059  2.30346  3.96507  3.24890  3.60141  3.09995  2.26501  2.98317  3.80797  2.94414  3.79381  2.58966  2.67277  2.35431  2.80673  2.85069  5.23354  3.91615    170 k - - -
          2.68618  4.42225  2.77519  2.73123  3.46354  2.40513  3.72494  3.29354  2.67741  2.69355  4.24690  2.90347  2.73739  3.18146  2.89801  2.37887  2.77519  2.98518  4.58477  3.61503
          0.02950  3.93382  4.65617  0.61958  0.77255  0.45665  1.00348
    164   2.79779  5.28511  1.64495  1.94542  4.59834  3.24973  3.69248  4.08627  2.61354  3.60015  4.41241  2.51808  3.80642  2.84055  3.16259  2.36823  2.88733  3.67289  5.77295  4.31858    171 d - - -
          2.68618  4.42225  2.77519  2.73123  3.46354  2.40513  3.72494  3.29354  2.67741  2.69355  4.24690  2.90347  2.73739  3.18146  2.89801  2.37887  2.77519  2.98518  4.58477  3.61503
          0.02805  3.98361  4.70596  0.61958  0.77255  0.48576  0.95510
    165   2.63748  4.75445  3.02346  2.35777  3.96039  3.44285  3.42219  3.37665  2.35163  2.86427  3.16277  2.99070  3.83815  2.02774  2.73935  2.68726  2.86338  3.08148  5.23191  3.92236    172 q - - -
          2.68618  4.42225  2.77519  2.73123  3.46354  2.40513  3.72494  3.29354  2.67741  2.69355  4.24690  2.90347  2.73739  3.18146  2.89801  2.37887  2.77519  2.98518  4.58477  3.61503
          0.02805  3.98361  4.70596  0.61958  0.77255  0.48576  0.95510
    166   2.64519  4.69836  3.13453  2.63208  4.09168  3.40422  3.71177  3.36755  1.69081  3.05632  3.93475  3.08162  3.86744  2.88509  2.67084  2.72265  2.21032  2.89440  5.33391  4.05989    173 k - - -
          2.68618  4.42225  2.77519  2.73123  3.46354  2.40513  3.72494  3.29354  2.67741  2.69355  4.24690  2.90347  2.73739  3.18146  2.89801  2.37887  2.77519  2.98518  4.58477  3.61503
          0.02805  3.98361  4.70596  0.61958  0.77255  0.48576  0.95510
    167   3.08663  4.42008  4.74009  4.25097  3.51507  4.39423  4.96908  1.14468  4.12670  2.00860  3.32918  4.47605  4.71967  4.39687  4.32657  3.78606  3.35704  1.40829  5.48936  4.28477    174 i - - -
          2.68618  4.42225  2.77519  2.73123  3.46354  2.40513  3.72494  3.29354  2.67741  2.69355  4.24690  2.90347  2.73739  3.18146  2.89801  2.37887  2.77519  2.98518  4.58477  3.61503
          0.02805  3.98361  4.70596  0.61958  0.77255  0.48576  0.95510
    168   3.23075  4.61746  4.64238  4.09343  3.09297  4.41355  4.72852  2.15318  3.91229  0.92840  2.57533  4.38512  4.64773  4.11831  4.08371  3.76271  3.46478  2.14264  5.14680  4.03352    175 l - - -
          2.68618  4.42225  2.77519  2.73123  3.46354  2.40513  3.72494  3.29354  2.67741  2.69355  4.24690  2.90347  2.73739  3.18146  2.89801  2.37887  2.77519  2.98518  4.58477  3.61503
          0.02805  3.98361  4.70596  0.61958  0.77255  0.48576  0.95510
    169   2.97070  4.39757  4.49630  4.04854  3.55107  4.12548  4.80608  1.77924  3.90038  2.13073  3.42273  4.25992  4.55889  4.22461  4.11963  3.53865  3.27659  0.98685  5.44973  4.19372    176 v - - -
          2.68618  4.42225  2.77519  2.73123  3.46354  2.40513  3.72494  3.29354  2.67741  2.69355  4.24690  2.90347  2.73739  3.18146  2.89801  2.37887  2.77519  2.98518  4.58477  3.61503
          0.02805  3.98361  4.70596  0.61958  0.77255  0.48576  0.95510
    170   3.57006  4.83441  4.54320  4.21301  1.38070  4.33193  3.46271  3.27261  4.06575  2.61713  3.87586  4.02052  4.64703  4.06475  4.12367  3.69755  3.79430  3.19452  3.61403  1.14677    177 y - - -
          2.68618  4.42225  2.77519  2.73123  3.46354  2.40513  3.72494  3.29354  2.67741  2.69355  4.24690  2.90347  2.73739  3.18146  2.89801  2.37887  2.77519  2.98518  4.58477  3.61503
          0.02805  3.98361  4.70596  0.61958  0.77255  0.48576  0.95510
    171   3.11175  5.25366  0.77085  2.40991  4.64625  3.29733  4.03289  4.26031  3.13867  3.84928  4.83082  2.97147  3.95809  3.27295  3.66919  3.06228  3.45305  3.88800  5.79302  4.50211    178 d - - -
          2.68618  4.42225  2.77519  2.73123  3.46354  2.40513  3.72494  3.29354  2.67741  2.69355  4.24690  2.90347  2.73739  3.18146  2.89801  2.37887  2.77519  2.98518  4.58477  3.61503
          0.02805  3.98361  4.70596  0.61958  0.77255  0.48576  0.95510
    172   3.29693  4.66815  4.63976  4.14619  2.48558  4.40634  4.51287  2.27511  3.99607  0.88943  2.94969  4.37370  4.65649  4.14874  4.14050  3.78502  3.53311  2.38998  4.81480  3.44830    179 l - - -
          2.68618  4.42225  2.77519  2.73123  3.46354  2.40513  3.72494  3.29354  2.67741  2.69355  4.24690  2.90347  2.73739  3.18146  2.89801  2.37887  2.77519  2.98518  4.58477  3.61503
          0.02805  3.98361  4.70596  0.61958  0.77255  0.48576  0.95510
    173   2.80810  4.57154  3.50455  3.41857  4.55698  0.57650  4.53118  4.18447  3.61489  3.82441  4.80174  3.66897  3.96620  3.93034  3.83789  2.98335  3.29799  3.69135  5.62189  4.66295    180 G - - -
          2.68618  4.42225  2.77519  2.73123  3.46354  2.40513  3.72494  3.29354  2.67741  2.69355  4.24690  2.90347  2.73739  3.18146  2.89801  2.37887  2.77519  2.98518  4.58477  3.61503
          0.02805  3.98361  4.70596  0.61958  0.77255  0.48576  0.95510
    174   2.80810  4.57154  3.50455  3.41857  4.55698  0.57650  4.53118  4.18447  3.61489  3.82441  4.80174  3.66897  3.96620  3.93034  3.83789  2.98335  3.29799  3.69135  5.62189  4.66295    181 G - - -
          2.68618  4.42225  2.77519  2.73123  3.46354  2.40513  3.72494  3.29354  2.67741  2.69355  4.24690  2.90347  2.73739  3.18146  2.89801  2.37887  2.77519  2.98518  4.58477  3.61503
          0.02805  3.98361  4.70596  0.61958  0.77255  0.48576  0.95510
    175   2.80810  4.57154  3.50455  3.41857  4.55698  0.57650  4.53118  4.18447  3.61489  3.82441  4.80174  3.66897  3.96620  3.93034  3.83789  2.98335  3.29799  3.69135  5.62189  4.66295    182 G - - -
          2.68618  4.42225  2.77519  2.73123  3.46354  2.40513  3.72494  3.29354  2.67741  2.69355  4.24690  2.90347  2.73739  3.18146  2.89801  2.37887  2.77519  2.98518  4.58477  3.61503
          0.02805  3.98361  4.70596  0.61958  0.77255  0.48576  0.95510
    176   2.47535  4.32027  3.52971  3.28819  4.06989  3.15554  4.29665  3.21067  3.23335  3.07019  4.11446  3.47887  3.86845  3.62286  3.48599  2.67798  0.99657  2.89366  5.49791  4.28686    183 t - - -
          2.68618  4.42225  2.77519  2.73123  3.46354  2.40513  3.72494  3.29354  2.67741  2.69355  4.24690  2.90347  2.73739  3.18146  2.89801  2.37887  2.77519  2.98518  4.58477  3.61503
          0.02805  3.98361  4.70596  0.61958  0.77255  0.48576  0.95510
    177   3.27847  4.63640  4.62563  4.14419  1.64826  4.35156  4.23630  2.38340  3.99775  1.22969  3.04290  4.28288  4.61726  4.11538  4.11937  3.71694  3.51152  2.47231  4.49232  2.98456    184 l - - -
          2.68618  4.42225  2.77519  2.73123  3.46354  2.40513  3.72494  3.29354  2.67741  2.69355  4.24690  2.90347  2.73739  3.18146  2.89801  2.37887  2.77519  2.98518  4.58477  3.61503
          0.02805  3.98361  4.70596  0.61958  0.77255  0.48576  0.95510
    178   3.11175  5.25366  0.77085  2.40991  4.64625  3.29733  4.03289  4.26031  3.13867  3.84928  4.83082  2.97147  3.95809  3.27295  3.66919  3.06228  3.45305  3.88800  5.79302  4.50211    185 d - - -
          2.68618  4.42225  2.77519  2.73123  3.46354  2.40513  3.72494  3.29354  2.67741  2.69355  4.24690  2.90347  2.73739  3.18146  2.89801  2.37887  2.77519  2.98518  4.58477  3.61503
          0.02805  3.98361  4.70596  0.61958  0.77255  0.48576  0.95510
    179   2.89628  4.40926  4.27816  3.94572  3.63309  3.83770  4.72879  2.05023  3.81518  2.30149  3.58235  4.11742  4.39274  4.16743  4.01681  3.34900  3.25559  0.89564  5.43597  4.17404    186 v - - -
          2.68618  4.42225  2.77519  2.73123  3.46354  2.40513  3.72494  3.29354  2.67741  2.69355  4.24690  2.90347  2.73739  3.18146  2.89801  2.37887  2.77519  2.98518  4.58477  3.61503
          0.02805  3.98361  4.70596  0.61958  0.77255  0.48576  0.95510
    180   2.26624  4.20647  3.36810  3.05360  4.18164  2.99549  4.12899  3.52936  3.06471  3.26832  4.12777  3.26541  3.71263  3.39377  3.38320  1.50921  1.75531  3.06380  5.54175  4.30450    187 s - - -
          2.68618  4.42225  2.77519  2.73123  3.46354  2.40513  3.72494  3.29354  2.67741  2.69355  4.24690  2.90347  2.73739  3.18146  2.89801  2.37887  2.77519  2.98518  4.58477  3.61503
          0.02805  3.98361  4.70596  0.61958  0.77255  0.48576  0.95510
    181   3.08717  4.42759  4.72277  4.23808  3.50111  4.37918  4.95621  1.11120  4.10759  1.99311  3.31996  4.46376  4.71087  4.38172  4.30714  3.77388  3.35975  1.47412  5.47778  4.27095    188 i - - -
          2.68618  4.42225  2.77519  2.73123  3.46354  2.40513  3.72494  3.29354  2.67741  2.69355  4.24690  2.90347  2.73739  3.18146  2.89801  2.37887  2.77519  2.98518  4.58477  3.61503
          0.02805  3.98361  4.70596  0.61958  0.77255  0.48576  0.95510
    182   3.24058  4.60663  4.69481  4.12982  3.06509  4.45075  4.73421  2.07521  3.97001  1.06241  2.01386  4.41769  4.65537  4.13536  4.12621  3.78767  3.46320  2.26660  5.12042  4.03369    189 l - - -
          2.68618  4.42225  2.77519  2.73123  3.46354  2.40513  3.72494  3.29354  2.67741  2.69355  4.24690  2.90347  2.73739  3.18146  2.89801  2.37887  2.77519  2.98518  4.58477  3.61503
          0.02805  3.98361  4.70596  0.61958  0.77255  0.48576  0.95510
    183   2.94275  5.50047  1.60090  1.37949  4.78754  3.22197  3.76318  4.30198  2.77487  3.80902  4.66395  2.68823  3.84152  2.92998  3.36481  2.82809  3.23072  3.87936  5.96030  4.46302    190 e - - -
          2.68618  4.42225  2.77519  2.73123  3.46354  2.40513  3.72494  3.29354  2.67741  2.69355  4.24690  2.90347  2.73739  3.18146  2.89801  2.37887  2.77519  2.98518  4.58477  3.61503
          0.02805  3.98361  4.70596  0.61958  0.77255  0.48576  0.95510
    184   3.19273  4.53692  4.76751  4.19153  2.52724  4.41922  4.67766  2.00212  4.07185  1.10155  2.27587  4.42769  4.62036  4.15985  4.18496  3.74745  3.40999  2.30008  5.01477  3.90731    191 l - - -
          2.68618  4.42225  2.77519  2.73123  3.46354  2.40513  3.72494  3.29354  2.67741  2.69355  4.24690  2.90347  2.73739  3.18146  2.89801  2.37887  2.77519  2.98518  4.58477  3.61503
          0.02805  3.98361  4.70596  0.61958  0.77255  0.48576  0.95510
    185   2.34181  4.28505  3.16534  3.03977  4.37485  1.06223  4.24554  3.88107  3.24318  3.57438  4.43854  3.26955  3.73836  3.53938  3.54427  2.31697  2.83986  3.32068  5.68707  4.45260    192 g - - -
          2.68618  4.42225  2.77519  2.73123  3.46354  2.40513  3.72494  3.29354  2.67741  2.69355  4.24690  2.90347  2.73739  3.18146  2.89801  2.37887  2.77519  2.98518  4.58477  3.61503
          0.02805  3.98361  4.70596  0.61958  0.77255  0.48576  0.95510
    186   2.78737  5.18511  2.10966  2.12160  4.48967  1.86788  3.69761  3.95458  2.47519  3.49678  4.32240  2.76126  3.81734  2.70696  3.10428  2.73406  3.05494  3.57116  5.68907  4.26981    193 g - - -
          2.68618  4.42225  2.77519  2.73123  3.46354  2.40513  3.72494  3.29354  2.67741  2.69355  4.24690  2.90347  2.73739  3.18146  2.89801  2.37887  2.77519  2.98518  4.58477  3.61503
          0.02805  3.98361  4.70596  0.61958  0.77255  0.48576  0.95510
    187   2.59320  4.50828  3.17287  2.97369  4.33370  0.99877  4.13942  3.86198  2.99334  3.49629  4.39552  3.30559  3.85523  3.41256  2.88095  2.73176  3.02698  3.40968  5.55224  4.36993    194 g - - -
          2.68618  4.42225  2.77520  2.73123  3.46354  2.40513  3.72495  3.29354  2.67741  2.69355  4.24690  2.90347  2.73734  3.18147  2.89801  2.37887  2.77520  2.98519  4.58477  3.61503
          0.05293  3.15804  4.70596  0.52927  0.88925  0.48576  0.95510
    188   2.64638  4.30490  3.76727  3.41966  3.62494  3.52831  4.29614  2.32823  3.31627  2.55698  3.65840  3.28965  4.10765  3.69031  3.56969  2.96280  3.00663  1.13840  5.24048  3.93958    196 v - - -
          2.68618  4.42225  2.77519  2.73123  3.46354  2.40513  3.72494  3.29354  2.67741  2.69355  4.24690  2.90347  2.73739  3.18146  2.89801  2.37887  2.77519  2.98518  4.58477  3.61503
          0.02805  3.98361  4.70596  0.61958  0.77255  0.48576  0.95510
    189   3.27535  4.63230  4.41403  3.99017  1.29146  4.17608  3.58908  2.95688  3.85274  2.38683  3.60179  3.95034  4.50292  3.93502  3.96589  3.51119  3.50512  2.66714  3.80094  1.65503    197 f - - -
          2.68618  4.42225  2.77519  2.73123  3.46354  2.40513  3.72494  3.29354  2.67741  2.69355  4.24690  2.90347  2.73739  3.18146  2.89801  2.37887  2.77519  2.98518  4.58477  3.61503
          0.02805  3.98361  4.70596  0.61958  0.77255  0.48576  0.95510
    190   2.88195  5.25300  2.40573  1.30825  4.53654  3.30971  3.71881  4.01406  2.51371  3.53589  4.40242  2.80812  3.86477  2.44427  2.94286  2.82104  3.14552  3.64772  5.69715  4.30080    198 e - - -
          2.68618  4.42225  2.77519  2.73123  3.46354  2.40513  3.72494  3.29354  2.67741  2.69355  4.24690  2.90347  2.73739  3.18146  2.89801  2.37887  2.77519  2.98518  4.58477  3.61503
          0.02805  3.98361  4.70596  0.61958  0.77255  0.48576  0.95510
    191   2.89628  4.40926  4.27816  3.94572  3.63309  3.83770  4.72879  2.05023  3.81518  2.30149  3.58235  4.11742  4.39274  4.16743  4.01681  3.34900  3.25559  0.89564  5.43597  4.17404    199 v - - -
          2.68618  4.42225  2.77519  2.73123  3.46354  2.40513  3.72494  3.29354  2.67741  2.69355  4.24690  2.90347  2.73739  3.18146  2.89801  2.37887  2.77519  2.98518  4.58477  3.61503
          0.02805  3.98361  4.70596  0.61958  0.77255  0.48576  0.95510
    192   2.47564  4.36095  3.39587  2.82270  3.50307  3.54231  3.77609  2.79111  2.33290  2.19608  3.08324  3.24420  3.92194  3.06643  2.91119  2.79091  2.82294  2.29855  4.94144  3.70321    200 l - - -
          2.68618  4.42225  2.77519  2.73123  3.46354  2.40513  3.72494  3.29354  2.67741  2.69355  4.24690  2.90347  2.73739  3.18146  2.89801  2.37887  2.77519  2.98518  4.58477  3.61503
          0.02805  3.98361  4.70596  0.61958  0.77255  0.48576  0.95510
    193   1.59954  4.16109  3.40798  3.13298  4.25769  2.94171  4.20760  3.61361  3.18457  3.35673  4.20759  3.29221  3.68963  3.48398  3.49127  1.36657  2.70897  3.10205  5.61827  4.39354    201 s - - -
          2.68618  4.42225  2.77519  2.73123  3.46354  2.40513  3.72494  3.29354  2.67741  2.69355  4.24690  2.90347  2.73739  3.18146  2.89801  2.37887  2.77519  2.98518  4.58477  3.61503
          0.02805  3.98361  4.70596  0.61958  0.77255  0.48576  0.95510
    194   2.47535  4.32027  3.52971  3.28819  4.06989  3.15554  4.29665  3.21067  3.23335  3.07019  4.11446  3.47887  3.86845  3.62286  3.48599  2.67798  0.99657  2.89366  5.49791  4.28686    202 t - - -
          2.68618  4.42225  2.77519  2.73123  3.46354  2.40513  3.72494  3.29354  2.67741  2.69355  4.24690  2.90347  2.73739  3.18146  2.89801  2.37887  2.77519  2.98518  4.58477  3.61503
          0.02805  3.98361  4.70596  0.61958  0.77255  0.48576  0.95510
    195   2.46485  4.52347  2.83483  2.62079  4.27244  3.10030  3.92269  3.78980  2.81068  3.41992  4.25989  2.17739  3.76038  3.13720  3.20551  1.45799  2.87013  3.32253  5.57345  4.23564    203 s - - -
          2.68618  4.42225  2.77519  2.73123  3.46354  2.40513  3.72494  3.29354  2.67741  2.69355  4.24690  2.90347  2.73739  3.18146  2.89801  2.37887  2.77519  2.98518  4.58477  3.61503
          0.02805  3.98361  4.70596  0.61958  0.77255  0.48576  0.95510
    196   2.80810  4.57154  3.50455  3.41857  4.55698  0.57650  4.53118  4.18447  3.61489  3.82441  4.80174  3.66897  3.96620  3.93034  3.83789  2.98335  3.29799  3.69135  5.62189  4.66295    204 G - - -
          2.68618  4.42225  2.77519  2.73123  3.46354  2.40513  3.72494  3.29354  2.67741  2.69355  4.24690  2.90347  2.73739  3.18146  2.89801  2.37887  2.77519  2.98518  4.58477  3.61503
          0.02805  3.98361  4.70596  0.61958  0.77255  0.48576  0.95510
    197   2.93804  5.33938  1.05834  2.16910  4.66376  3.20346  3.83925  4.25539  2.90363  3.81573  4.70904  2.55937  3.85879  3.03504  3.48363  2.85529  3.26419  3.83580  5.90420  4.42131    205 d - - -
          2.68618  4.42225  2.77519  2.73123  3.46354  2.40513  3.72494  3.29354  2.67741  2.69355  4.24690  2.90347  2.73739  3.18146  2.89801  2.37887  2.77519  2.98518  4.58477  3.61503
          0.02805  3.98361  4.70596  0.61958  0.77255  0.48576  0.95510
    198   2.47311  4.47703  2.98040  2.70273  4.13993  3.15697  3.91895  3.51065  2.77540  3.22484  4.09670  2.23505  3.78767  3.14223  3.14257  2.59170  1.58480  3.12358  5.46819  4.16746    206 t - - -
          2.68618  4.42225  2.77519  2.73123  3.46354  2.40513  3.72494  3.29354  2.67741  2.69355  4.24690  2.90347  2.73739  3.18146  2.89801  2.37887  2.77519  2.98518  4.58477  3.61503
          0.02805  3.98361  4.70596  0.61958  0.77255  0.48576  0.95510
    199   2.67608  5.09667  2.28824  2.21991  4.39814  3.34281  2.77779  3.86424  2.34675  3.37700  4.16074  2.81975  3.78865  2.21743  2.64530  2.63986  2.91232  3.47072  5.53309  4.14268    207 q - - -
          2.68618  4.42225  2.77519  2.73123  3.46354  2.40513  3.72494  3.29354  2.67741  2.69355  4.24690  2.90347  2.73739  3.18146  2.89801  2.37887  2.77519  2.98518  4.58477  3.61503
          0.02805  3.98361  4.70596  0.61958  0.77255  0.48576  0.95510
    200   3.28139  4.71130  4.36758  4.00895  3.18073  4.12257  4.62987  2.39195  3.77559  0.74959  3.17081  4.27360  4.53947  4.11729  3.93307  3.70789  3.57096  2.45794  5.09929  3.84793    208 l - - -
          2.68618  4.42225  2.77519  2.73123  3.46354  2.40513  3.72494  3.29354  2.67741  2.69355  4.24690  2.90347  2.73739  3.18146  2.89801  2.37887  2.77519  2.98518  4.58477  3.61503
          0.02805  3.98361  4.70596  0.61958  0.77255  0.48576  0.95510
    201   2.80810  4.57154  3.50455  3.41857  4.55698  0.57650  4.53118  4.18447  3.61489  3.82441  4.80174  3.66897  3.96620  3.93034  3.83789  2.98335  3.29799  3.69135  5.62189  4.66295    209 G - - -
          2.68618  4.42225  2.77519  2.73123  3.46354  2.40513  3.72494  3.29354  2.67741  2.69355  4.24690  2.90347  2.73739  3.18146  2.89801  2.37887  2.77519  2.98518  4.58477  3.61503
          0.02805  3.98361  4.70596  0.61958  0.77255  0.48576  0.95510
    202   2.80810  4.57154  3.50455  3.41857  4.55698  0.57650  4.53118  4.18447  3.61489  3.82441  4.80174  3.66897  3.96620  3.93034  3.83789  2.98335  3.29799  3.69135  5.62189  4.66295    210 G - - -
          2.68618  4.42225  2.77519  2.73123  3.46354  2.40513  3.72494  3.29354  2.67741  2.69355  4.24690  2.90347  2.73739  3.18146  2.89801  2.37887  2.77519  2.98518  4.58477  3.61503
          0.02805  3.98361  4.70596  0.61958  0.77255  0.48576  0.95510
    203   2.66742  4.92987  1.79769  2.31794  4.31686  3.27217  3.70926  3.73409  2.56725  3.33718  4.16861  2.85045  3.80196  2.86925  2.88571  2.66927  2.15456  3.36405  5.55439  4.17691    211 d - - -
          2.68618  4.42225  2.77519  2.73123  3.46354  2.40513  3.72494  3.29354  2.67741  2.69355  4.24690  2.90347  2.73739  3.18146  2.89801  2.37887  2.77519  2.98518  4.58477  3.61503
          0.02805  3.98361  4.70596  0.61958  0.77255  0.48576  0.95510
    204   3.11175  5.25366  0.77085  2.40991  4.64625  3.29733  4.03289  4.26031  3.13867  3.84928  4.83082  2.97147  3.95809  3.27295  3.66919  3.06228  3.45305  3.88800  5.79302  4.50211    212 d - - -
          2.68618  4.42225  2.77519  2.73123  3.46354  2.40513  3.72494  3.29354  2.67741  2.69355  4.24690  2.90347  2.73739  3.18146  2.89801  2.37887  2.77519  2.98518  4.58477  3.61503
          0.02805  3.98361  4.70596  0.61958  0.77255  0.48576  0.95510
    205   2.90676  4.32128  4.33314  3.78784  2.13438  3.98030  3.93728  2.53666  3.64058  1.93702  2.10012  3.91378  4.30358  3.79969  3.77803  3.28829  3.13399  2.48603  2.72227  2.82522    213 l - - -
          2.68618  4.42225  2.77519  2.73123  3.46354  2.40513  3.72494  3.29354  2.67741  2.69355  4.24690  2.90347  2.73739  3.18146  2.89801  2.37887  2.77519  2.98518  4.58477  3.61503
          0.02805  3.98361  4.70596  0.61958  0.77255  0.48576  0.95510
    206   3.11175  5.25366  0.77085  2.40991  4.64625  3.29733  4.03289  4.26031  3.13867  3.84928  4.83082  2.97147  3.95809  3.27295  3.66919  3.06228  3.45305  3.88800  5.79302  4.50211    214 d - - -
          2.68618  4.42225  2.77519  2.73123  3.46354  2.40513  3.72494  3.29354  2.67741  2.69355  4.24690  2.90347  2.73739  3.18146  2.89801  2.37887  2.77519  2.98518  4.58477  3.61503
          0.02805  3.98361  4.70596  0.61958  0.77255  0.48576  0.95510
    207   2.69537  5.14872  2.53030  1.90263  4.46233  3.33169  3.13033  3.93043  2.20403  3.43054  4.21148  2.57857  3.78981  2.30657  2.82674  2.64908  2.93353  3.52589  5.58015  4.18031    215 e - - -
          2.68618  4.42225  2.77519  2.73123  3.46354  2.40513  3.72494  3.29354  2.67741  2.69355  4.24690  2.90347  2.73739  3.18146  2.89801  2.37887  2.77519  2.98518  4.58477  3.61503
          0.02805  3.98361  4.70596  0.61958  0.77255  0.48576  0.95510
    208   1.86379  4.61302  3.18428  2.65119  3.97089  3.40018  3.70836  3.31313  2.30350  2.97329  3.83721  3.09382  3.85330  2.89760  2.20907  2.69839  2.86987  2.85022  5.24719  3.98090    216 a - - -
          2.68618  4.42225  2.77519  2.73123  3.46354  2.40513  3.72494  3.29354  2.67741  2.69355  4.24690  2.90347  2.73739  3.18146  2.89801  2.37887  2.77519  2.98518  4.58477  3.61503
          0.02805  3.98361  4.70596  0.61958  0.77255  0.48576  0.95510
    209   3.13563  4.45009  4.78459  4.25888  3.40033  4.47516  4.93267  1.20834  4.13310  1.68679  3.20683  4.50394  4.73863  4.36395  4.31910  3.84201  3.38501  1.56174  5.39722  4.22750    217 i - - -
          2.68618  4.42225  2.77519  2.73123  3.46354  2.40513  3.72494  3.29354  2.67741  2.69355  4.24690  2.90347  2.73739  3.18146  2.89801  2.37887  2.77519  2.98518  4.58477  3.61503
          0.02805  3.98361  4.70596  0.61958  0.77255  0.48576  0.95510
    210   2.99879  4.35003  4.59322  4.04718  3.43545  4.29321  4.72367  1.33474  3.93881  1.93450  3.02839  4.29421  4.59044  4.17977  4.14274  3.63153  3.03287  1.47597  5.29996  4.12686    218 i - - -
          2.68618  4.42225  2.77519  2.73123  3.46354  2.40513  3.72494  3.29354  2.67741  2.69355  4.24690  2.90347  2.73739  3.18146  2.89801  2.37887  2.77519  2.98518  4.58477  3.61503
          0.02805  3.98361  4.70596  0.61958  0.77255  0.48576  0.95510
    211   2.92010  5.47453  1.39977  2.01121  4.76604  3.21469  3.75358  4.29015  2.76406  3.79268  4.63975  2.01065  3.83332  2.91961  3.35442  2.80982  3.20958  3.86277  5.95089  4.44605    219 d - - -
          2.68618  4.42225  2.77519  2.73123  3.46354  2.40513  3.72494  3.29354  2.67741  2.69355  4.24690  2.90347  2.73739  3.18146  2.89801  2.37887  2.77519  2.98518  4.58477  3.61503
          0.02805  3.98361  4.70596  0.61958  0.77255  0.48576  0.95510
    212   3.46646  4.79353  4.40064  4.00103  1.76202  4.25147  2.59841  3.37639  3.86589  2.78609  3.94759  3.90537  4.56569  3.92110  3.98581  3.57745  3.68250  3.23384  2.99351  1.13334    220 y - - -
          2.68618  4.42225  2.77519  2.73123  3.46354  2.40513  3.72494  3.29354  2.67741  2.69355  4.24690  2.90347  2.73739  3.18146  2.89801  2.37887  2.77519  2.98518  4.58477  3.61503
          0.02805  3.98361  4.70596  0.61958  0.77255  0.48576  0.95510
    213   3.23823  4.57752  4.74974  4.22467  3.16625  4.48354  4.83128  1.60298  4.05028  1.07660  2.99521  4.48948  4.71713  4.25604  4.20843  3.85488  3.47714  2.02202  5.21515  4.06460    221 l - - -
          2.68618  4.42225  2.77519  2.73123  3.46354  2.40513  3.72494  3.29354  2.67741  2.69355  4.24690  2.90347  2.73739  3.18146  2.89801  2.37887  2.77519  2.98518  4.58477  3.61503
          0.02805  3.98361  4.70596  0.61958  0.77255  0.48576  0.95510
    214   1.77745  4.28884  3.87048  3.36786  3.53105  3.62477  4.22976  2.28802  3.27019  2.00190  3.43710  3.65484  4.11703  3.58707  3.56028  2.97652  2.96383  1.83921  5.17244  3.95087    222 a - - -
          2.68618  4.42225  2.77519  2.73123  3.46354  2.40513  3.72494  3.29354  2.67741  2.69355  4.24690  2.90347  2.73739  3.18146  2.89801  2.37887  2.77519  2.98518  4.58477  3.61503
          0.02805  3.98361  4.70596  0.61958  0.77255  0.48576  0.95510
    215   2.33340  5.12614  1.89817  2.01923  4.43757  3.12839  3.65178  3.90194  2.44150  3.43681  4.23687  2.77449  3.79077  2.79167  3.03049  2.54921  2.84878  3.50859  5.62181  4.20654    223 d - - -
          2.68618  4.42225  2.77519  2.73123  3.46354  2.40513  3.72494  3.29354  2.67741  2.69355  4.24690  2.90347  2.73739  3.18146  2.89801  2.37887  2.77519  2.98518  4.58477  3.61503
          0.02805  3.98361  4.70596  0.61958  0.77255  0.48576  0.95510
    216   2.80240  5.33076  2.07703  1.56836  4.62601  3.26416  3.67127  4.12056  2.45545  3.61411  4.41697  2.42873  3.80575  2.65984  3.09590  2.62123  3.06214  3.70072  5.77150  4.31526    224 e - - -
          2.68618  4.42225  2.77519  2.73123  3.46354  2.40513  3.72494  3.29354  2.67741  2.69355  4.24690  2.90347  2.73739  3.18146  2.89801  2.37887  2.77519  2.98518  4.58477  3.61503
          0.02805  3.98361  4.70596  0.61958  0.77255  0.48576  0.95510
    217   3.40224  4.77177  4.39105  4.12758  0.84602  4.06412  3.93033  2.91328  4.03205  2.25819  3.62763  4.14563  4.52093  4.16965  4.12429  3.66584  3.70380  2.91197  4.14822  2.50203    225 f - - -
          2.68618  4.42225  2.77519  2.73123  3.46354  2.40513  3.72494  3.29354  2.67741  2.69355  4.24690  2.90347  2.73739  3.18146  2.89801  2.37887  2.77519  2.98518  4.58477  3.61503
          0.02805  3.98361  4.70596  0.61958  0.77255  0.48576  0.95510
    218   2.83759  5.14355  3.01714  2.17242  4.52811  3.50152  3.58137  3.92775  1.60186  3.39370  4.20906  2.98660  3.89772  2.40279  2.14013  2.81006  3.03749  3.56372  5.48732  4.21109    226 k - - -
          2.68618  4.42225  2.77519  2.73123  3.46354  2.40513  3.72494  3.29354  2.67741  2.69355  4.24690  2.90347  2.73739  3.18146  2.89801  2.37887  2.77519  2.98518  4.58477  3.61503
          0.02805  3.98361  4.70596  0.61958  0.77255  0.48576  0.95510
    219   2.57357  4.97507  2.79608  2.31453  4.27788  3.39382  3.57505  3.71256  1.80424  3.24770  3.73028  2.60038  3.79616  2.61819  2.59951  2.63052  2.86640  3.34500  5.42037  4.07098    227 k - - -
          2.68618  4.42225  2.77519  2.73123  3.46354  2.40513  3.72494  3.29354  2.67741  2.69355  4.24690  2.90347  2.73739  3.18146  2.89801  2.37887  2.77519  2.98518  4.58477  3.61503
          0.02805  3.98361  4.70596  0.61958  0.77255  0.48576  0.95510
    220   2.53302  4.99413  2.61844  2.00293  4.29320  3.35147  3.57215  3.59878  2.16966  3.27839  4.05474  2.69831  3.76592  2.69176  2.71030  2.49715  2.66655  3.36106  5.45470  4.07294    228 e - - -
          2.68618  4.42225  2.77519  2.73123  3.46354  2.40513  3.72494  3.29354  2.67741  2.69355  4.24690  2.90347  2.73739  3.18146  2.89801  2.37887  2.77519  2.98518  4.58477  3.61503
          0.02805  3.98361  4.70596  0.61958  0.77255  0.48576  0.95510
    221   2.69936  5.01399  2.64155  1.79057  4.29076  3.34230  2.69676  3.74724  2.41267  3.30276  4.11683  2.72730  3.81194  2.78321  2.85825  2.68282  2.57786  3.38762  5.48653  4.11450    229 e - - -
          2.68618  4.42225  2.77519  2.73123  3.46354  2.40513  3.72494  3.29354  2.67741  2.69355  4.24690  2.90347  2.73739  3.18146  2.89801  2.37887  2.77519  2.98518  4.58477  3.61503
          0.02805  3.98361  4.70596  0.61958  0.77255  0.48576  0.95510
    222   2.80810  4.57154  3.50455  3.41857  4.55698  0.57650  4.53118  4.18447  3.61489  3.82441  4.80174  3.66897  3.96620  3.93034  3.83789  2.98335  3.29799  3.69135  5.62189  4.66295    230 G - - -
          2.68618  4.42225  2.77519  2.73123  3.46354  2.40513  3.72494  3.29354  2.67741  2.69355  4.24690  2.90347  2.73739  3.18146  2.89801  2.37887  2.77519  2.98518  4.58477  3.61503
          0.02805  3.98361  4.70596  0.61958  0.77255  0.48576  0.95510
    223   3.08625  4.43847  4.69181  4.21613  3.48112  4.35175  4.93347  1.07736  4.07480  1.97478  3.30991  4.44174  4.69525  4.35732  4.27362  3.75205  3.36287  1.55791  5.45868  4.24536    231 i - - -
          2.68618  4.42225  2.77519  2.73123  3.46354  2.40513  3.72494  3.29354  2.67741  2.69355  4.24690  2.90347  2.73739  3.18146  2.89801  2.37887  2.77519  2.98518  4.58477  3.61503
          0.02805  3.98361  4.70596  0.61958  0.77255  0.48576  0.95510
    224   2.93842  5.33828  1.05638  2.17011  4.66276  3.20363  3.84013  4.25472  2.90486  3.81571  4.70953  2.56367  3.85916  3.03620  3.48464  2.85593  3.26482  3.83538  5.90341  4.42103    232 d - - -
          2.68618  4.42225  2.77519  2.73123  3.46354  2.40513  3.72494  3.29354  2.67741  2.69355  4.24690  2.90347  2.73739  3.18146  2.89801  2.37887  2.77519  2.98518  4.58477  3.61503
          0.02805  3.98361  4.70596  0.61958  0.77255  0.48576  0.95510
    225   3.28139  4.71130  4.36758  4.00895  3.18073  4.12257  4.62987  2.39195  3.77559  0.74959  3.17081  4.27360  4.53947  4.11729  3.93307  3.70789  3.57096  2.45794  5.09929  3.84793    233 l - - -
          2.68618  4.42225  2.77519  2.73123  3.46354  2.40513  3.72494  3.29354  2.67741  2.69355  4.24690  2.90347  2.73739  3.18146  2.89801  2.37887  2.77519  2.98518  4.58477  3.61503
          0.02805  3.98361  4.70596  0.61958  0.77255  0.48576  0.95510
    226   2.63195  4.67700  3.19784  2.64626  4.02292  3.41207  3.68686  3.42097  2.31829  3.03659  3.55414  3.08876  3.86001  2.86600  1.87144  2.10138  2.89440  3.10983  5.26862  3.98975    234 r - - -
          2.68618  4.42225  2.77519  2.73123  3.46354  2.40513  3.72494  3.29354  2.67741  2.69355  4.24690  2.90347  2.73739  3.18146  2.89801  2.37887  2.77519  2.98518  4.58477  3.61503
          0.02805  3.98361  4.70596  0.61958  0.77255  0.48576  0.95510
    227   2.73163  5.20838  2.37883  1.92546  4.52434  3.31629  3.61888  3.99828  1.94634  3.49079  4.27668  2.46511  3.79759  2.50720  2.87041  2.67427  2.97430  3.58744  5.63640  4.22493    235 e - - -
          2.68618  4.42225  2.77519  2.73123  3.46354  2.40513  3.72494  3.29354  2.67741  2.69355  4.24690  2.90347  2.73739  3.18146  2.89801  2.37887  2.77519  2.98518  4.58477  3.61503
          0.02805  3.98361  4.70596  0.61958  0.77255  0.48576  0.95510
    228   3.11175  5.25366  0.77085  2.40991  4.64625  3.29733  4.03289  4.26031  3.13867  3.84928  4.83082  2.97147  3.95809  3.27295  3.66919  3.06228  3.45305  3.88800  5.79302  4.50211    236 d - - -
          2.68618  4.42225  2.77519  2.73123  3.46354  2.40513  3.72494  3.29354  2.67741  2.69355  4.24690  2.90347  2.73739  3.18146  2.89801  2.37887  2.77519  2.98518  4.58477  3.61503
          0.02805  3.98361  4.70596  0.61958  0.77255  0.48576  0.95510
    229   2.65333  4.93040  2.84455  2.41708  4.23127  3.42094  3.38229  3.65269  1.99634  3.19993  4.00277  2.93001  3.81531  2.71283  2.07036  2.56259  2.75898  3.15376  5.37931  4.05301    237 k - - -
          2.68618  4.42225  2.77519  2.73123  3.46354  2.40513  3.72494  3.29354  2.67741  2.69355  4.24690  2.90347  2.73739  3.18146  2.89801  2.37887  2.77519  2.98518  4.58477  3.61503
          0.02805  3.98361  4.70596  0.61958  0.77255  0.48576  0.95510
    230   2.21270  4.57742  3.07347  2.54770  3.87244  3.20174  3.68329  3.25936  2.51258  2.90950  3.31479  3.02417  3.80741  2.32660  2.93240  2.47368  2.58849  2.95744  5.19454  3.90053    238 a - - -
          2.68618  4.42225  2.77519  2.73123  3.46354  2.40513  3.72494  3.29354  2.67741  2.69355  4.24690  2.90347  2.73739  3.18146  2.89801  2.37887  2.77519  2.98518  4.58477  3.61503
          0.02805  3.98361  4.70596  0.61958  0.77255  0.48576  0.95510
    231   1.42881  4.24311  3.79488  3.34379  3.72331  3.38140  4.25211  2.38826  3.25751  2.55345  3.63563  3.56743  3.98380  3.58132  3.54998  2.77701  2.88357  1.97968  5.31428  4.08561    239 a - - -
          2.68618  4.42225  2.77519  2.73123  3.46354  2.40513  3.72494  3.29354  2.67741  2.69355  4.24690  2.90347  2.73739  3.18146  2.89801  2.37887  2.77519  2.98518  4.58477  3.61503
          0.02805  3.98361  4.70596  0.61958  0.77255  0.48576  0.95510
    232   2.89642  4.36102  4.21647  3.64646  3.02990  4.00503  4.22736  2.34392  3.51145  1.28495  2.56132  3.91830  4.31312  3.73875  3.71682  3.30293  3.12379  2.24346  4.80675  2.91912    240 l - - -
          2.68618  4.42225  2.77519  2.73123  3.46354  2.40513  3.72494  3.29354  2.67741  2.69355  4.24690  2.90347  2.73739  3.18146  2.89801  2.37887  2.77519  2.98518  4.58477  3.61503
          0.02805  3.98361  4.70596  0.61958  0.77255  0.48576  0.95510
    233   2.65360  4.63412  3.14222  2.65350  3.84136  3.45981  3.74542  2.70440  2.48929  2.78298  3.74255  3.11501  3.89743  1.86777  2.84322  2.75776  2.63520  2.86906  5.21679  3.92960    241 q - - -
          2.68618  4.42225  2.77519  2.73123  3.46354  2.40513  3.72494  3.29354  2.67741  2.69355  4.24690  2.90347  2.73739  3.18146  2.89801  2.37887  2.77519  2.98518  4.58477  3.61503
          0.02805  3.98361  4.70596  0.61958  0.77255  0.48576  0.95510
    234   3.13361  4.96309  3.63588  3.12503  4.34594  3.59904  3.90916  3.89615  2.28828  3.39194  4.39008  3.47584  4.09698  3.12471  0.82131  3.21294  3.39249  3.61552  5.38442  4.25006    242 r - - -
          2.68618  4.42225  2.77519  2.73123  3.46354  2.40513  3.72494  3.29354  2.67741  2.69355  4.24690  2.90347  2.73739  3.18146  2.89801  2.37887  2.77519  2.98518  4.58477  3.61503
          0.02805  3.98361  4.70596  0.61958  0.77255  0.48576  0.95510
    235   3.21741  4.59961  4.65080  4.12412  3.13962  4.40582  4.76054  1.98955  3.93811  0.94347  2.97563  4.40166  4.66553  4.16528  4.11315  3.77158  3.46344  2.02302  5.18446  4.02813    243 l - - -
          2.68618  4.42225  2.77519  2.73123  3.46354  2.40513  3.72494  3.29354  2.67741  2.69355  4.24690  2.90347  2.73739  3.18146  2.89801  2.37887  2.77519  2.98518  4.58477  3.61503
          0.02805  3.98361  4.70596  0.61958  0.77255  0.48576  0.95510
    236   2.76906  4.97437  3.12072  2.54290  4.31220  3.50073  3.40260  3.70741  1.86587  3.23497  4.06074  2.88140  3.88697  2.72933  1.87984  2.77774  2.48965  3.37308  5.38184  4.11083    244 k - - -
          2.68618  4.42225  2.77519  2.73123  3.46354  2.40513  3.72494  3.29354  2.67741  2.69355  4.24690  2.90347  2.73739  3.18146  2.89801  2.37887  2.77519  2.98518  4.58477  3.61503
          0.02805  3.98361  4.70596  0.61958  0.77255  0.48576  0.95510
    237   2.95795  5.52435  1.38348  1.56102  4.80918  3.21690  3.77162  4.32749  2.79928  3.83378  4.69439  2.68242  3.84438  2.94104  3.39828  2.83853  3.24906  3.90322  5.98494  4.48046    245 d - - -
          2.68618  4.42225  2.77519  2.73123  3.46354  2.40513  3.72494  3.29354  2.67741  2.69355  4.24690  2.90347  2.73739  3.18146  2.89801  2.37887  2.77519  2.98518  4.58477  3.61503
          0.02805  3.98361  4.70596  0.61958  0.77255  0.48576  0.95510
    238   0.86475  4.25027  3.57781  3.37542  4.16530  3.07160  4.38401  3.30763  3.39459  3.18400  4.20452  3.49618  3.82144  3.72578  3.63676  2.60006  2.88517  2.94277  5.58136  4.39428    246 a - - -
          2.68618  4.42225  2.77519  2.73123  3.46354  2.40513  3.72494  3.29354  2.67741  2.69355  4.24690  2.90347  2.73739  3.18146  2.89801  2.37887  2.77519  2.98518  4.58477  3.61503
          0.02805  3.98361  4.70596  0.61958  0.77255  0.48576  0.95510
    239   0.86475  4.25027  3.57781  3.37542  4.16530  3.07160  4.38401  3.30763  3.39459  3.18400  4.20452  3.49618  3.82144  3.72578  3.63676  2.60006  2.88517  2.94277  5.58136  4.39428    247 a - - -
          2.68618  4.42225  2.77519  2.73123  3.46354  2.40513  3.72494  3.29354  2.67741  2.69355  4.24690  2.90347  2.73739  3.18146  2.89801  2.37887  2.77519  2.98518  4.58477  3.61503
          0.02805  3.98361  4.70596  0.61958  0.77255  0.48576  0.95510
    240   3.05096  5.18162  2.53890  0.87715  4.54225  3.34792  3.94569  4.01835  2.84043  3.61809  4.58829  3.00035  3.95810  3.15972  3.25999  3.02271  3.35640  3.69113  5.69292  4.41646    248 e - - -
          2.68618  4.42225  2.77519  2.73123  3.46354  2.40513  3.72494  3.29354  2.67741  2.69355  4.24690  2.90347  2.73739  3.18146  2.89801  2.37887  2.77519  2.98518  4.58477  3.61503
          0.02805  3.98361  4.70596  0.61958  0.77255  0.48576  0.95510
    241   2.78506  5.05124  2.84115  2.02016  4.38517  3.43100  3.62732  3.76818  1.56661  3.31774  4.15388  2.94312  3.87213  2.76707  2.55525  2.77294  3.01115  3.21093  5.48060  4.16934    249 k - - -
          2.68618  4.42225  2.77519  2.73123  3.46354  2.40513  3.72494  3.29354  2.67741  2.69355  4.24690  2.90347  2.73739  3.18146  2.89801  2.37887  2.77519  2.98518  4.58477  3.61503
          0.02805  3.98361  4.70596  0.61958  0.77255  0.48576  0.95510
    242   0.86475  4.25027  3.57781  3.37542  4.16530  3.07160  4.38401  3.30763  3.39459  3.18400  4.20452  3.49618  3.82144  3.72578  3.63676  2.60006  2.88517  2.94277  5.58136  4.39428    250 a - - -
          2.68618  4.42225  2.77519  2.73123  3.46354  2.40513  3.72494  3.29354  2.67741  2.69355  4.24690  2.90347  2.73739  3.18146  2.89801  2.37887  2.77519  2.98518  4.58477  3.61503
          0.02805  3.98361  4.70596  0.61958  0.77255  0.48576  0.95510
    243   3.07584  5.04176  3.25908  2.86109  4.45361  3.55217  3.82434  3.89010  0.89580  3.43149  4.38798  3.28029  4.04551  3.01026  2.45766  3.11114  3.32136  3.59198  5.46340  4.29261    251 k - - -
          2.68618  4.42225  2.77519  2.73123  3.46354  2.40513  3.72494  3.29354  2.67741  2.69355  4.24690  2.90347  2.73739  3.18146  2.89801  2.37887  2.77519  2.98518  4.58477  3.61503
          0.02805  3.98361  4.70596  0.61958  0.77255  0.48576  0.95510
    244   3.11808  4.50739  4.49119  4.11206  3.45080  4.18456  4.82046  0.95007  3.94231  2.01533  3.37011  4.34193  4.60609  4.27983  4.12629  3.69152  3.41569  1.85467  5.36384  4.11099    252 i - - -
          2.68618  4.42225  2.77519  2.73123  3.46354  2.40513  3.72494  3.29354  2.67741  2.69355  4.24690  2.90347  2.73739  3.18146  2.89801  2.37887  2.77519  2.98518  4.58477  3.61503
          0.02805  3.98361  4.70596  0.61958  0.77255  0.48576  0.95510
    245   3.05096  5.18162  2.53890  0.87715  4.54225  3.34792  3.94569  4.01835  2.84043  3.61809  4.58829  3.00035  3.95810  3.15972  3.25999  3.02271  3.35640  3.69113  5.69292  4.41646    253 e - - -
          2.68618  4.42225  2.77519  2.73123  3.46354  2.40513  3.72494  3.29354  2.67741  2.69355  4.24690  2.90347  2.73739  3.18146  2.89801  2.37887  2.77519  2.98518  4.58477  3.61503
          0.02805  3.98361  4.70596  0.61958  0.77255  0.48576  0.95510
    246   3.28139  4.71130  4.36758  4.00895  3.18073  4.12257  4.62987  2.39195  3.77559  0.74959  3.17081  4.27360  4.53947  4.11729  3.93307  3.70789  3.57096  2.45794  5.09929  3.84793    254 l - - -
          2.68618  4.42225  2.77519  2.73123  3.46354  2.40513  3.72494  3.29354  2.67741  2.69355  4.24690  2.90347  2.73739  3.18146  2.89801  2.37887  2.77519  2.98518  4.58477  3.61503
          0.02805  3.98361  4.70596  0.61958  0.77255  0.48576  0.95510
    247   2.37235  4.29368  3.30583  3.12776  4.18829  3.02164  4.23405  3.72641  3.20903  3.43843  4.35588  3.33404  3.76983  3.54984  3.49095  0.93503  2.86099  3.23711  5.55209  4.27267    255 s - - -
          2.68618  4.42225  2.77519  2.73123  3.46354  2.40513  3.72494  3.29354  2.67741  2.69355  4.24690  2.90347  2.73739  3.18146  2.89801  2.37887  2.77519  2.98518  4.58477  3.61503
          0.02805  3.98361  4.70596  0.61958  0.77255  0.48576  0.95510
    248   2.24770  4.21413  3.31107  2.98123  4.24359  2.19105  4.09459  3.65470  3.03883  3.32953  4.15211  3.21876  3.68885  3.33958  3.38787  1.68879  1.92911  3.14341  5.57260  4.33879    256 s - - -
          2.68618  4.42225  2.77519  2.73123  3.46354  2.40513  3.72494  3.29354  2.67741  2.69355  4.24690  2.90347  2.73739  3.18146  2.89801  2.37887  2.77519  2.98518  4.58477  3.61503
          0.02805  3.98361  4.70596  0.61958  0.77255  0.48576  0.95510
    249   2.59280  4.40954  3.35677  2.78665  3.60140  3.50989  3.76186  2.86872  2.54819  2.62259  3.33908  3.21195  3.90729  3.02636  2.49338  2.76929  2.46254  2.08964  5.00759  3.76316    257 v - - -
          2.68618  4.42225  2.77519  2.73123  3.46354  2.40513  3.72494  3.29354  2.67741  2.69355  4.24690  2.90347  2.73739  3.18146  2.89801  2.37887  2.77519  2.98518  4.58477  3.61503
          0.02805  3.98361  4.70596  0.61958  0.77255  0.48576  0.95510
    250   2.30039  4.43107  3.33312  2.77040  3.59319  3.52413  3.76667  2.85072  2.23501  2.16888  3.11897  3.20681  3.91474  3.02577  2.98387  2.77770  2.76852  2.63110  5.01793  3.77059    258 l - - -
          2.68618  4.42225  2.77519  2.73123  3.46354  2.40513  3.72494  3.29354  2.67741  2.69355  4.24690  2.90347  2.73739  3.18146  2.89801  2.37887  2.77519  2.98518  4.58477  3.61503
          0.02805  3.98361  4.70596  0.61958  0.77255  0.48576  0.95510
    251   2.65319  4.96828  2.68175  1.83183  4.27848  3.33254  3.62827  3.71804  2.41696  3.27728  4.08161  2.70970  3.79314  2.56339  2.87983  2.25641  2.77488  3.22290  5.47557  4.10667    259 e - - -
          2.68618  4.42225  2.77519  2.73123  3.46354  2.40513  3.72494  3.29354  2.67741  2.69355  4.24690  2.90347  2.73739  3.18146  2.89801  2.37887  2.77519  2.98518  4.58477  3.61503
          0.02805  3.98361  4.70596  0.61958  0.77255  0.48576  0.95510
    252   2.31645  4.21927  3.40877  3.14212  4.10567  3.03782  4.18553  3.33861  3.11365  3.17583  4.10222  3.33114  3.76121  3.47966  3.39381  2.34894  1.19459  2.94148  5.51396  4.26719    260 t - - -
          2.68618  4.42225  2.77519  2.73123  3.46354  2.40513  3.72494  3.29354  2.67741  2.69355  4.24690  2.90347  2.73739  3.18146  2.89801  2.37887  2.77519  2.98518  4.58477  3.61503
          0.02805  3.98361  4.70596  0.61958  0.77255  0.48576  0.95510
    253   2.68116  5.10734  2.23875  2.10861  4.40598  3.31286  3.61652  3.87066  2.42997  3.39510  4.18311  2.29388  3.78334  2.63181  2.82541  2.64137  2.43125  3.47714  5.56924  4.16371    261 e - - -
          2.68618  4.42225  2.77519  2.73123  3.46354  2.40513  3.72494  3.29354  2.67741  2.69355  4.24690  2.90347  2.73739  3.18146  2.89801  2.37887  2.77519  2.98518  4.58477  3.61503
          0.02805  3.98361  4.70596  0.61958  0.77255  0.48576  0.95510
    254   3.08209  4.40790  4.75676  4.26298  3.53805  4.40791  4.98182  1.23954  4.14639  2.03875  3.34797  4.48668  4.72782  4.41389  4.34748  3.79640  3.35031  1.27234  5.50483  4.30016    262 i - - -
          2.68618  4.42225  2.77519  2.73123  3.46354  2.40513  3.72494  3.29354  2.67741  2.69355  4.24690  2.90347  2.73739  3.18146  2.89801  2.37887  2.77519  2.98518  4.58477  3.61503
          0.02805  3.98361  4.70596  0.61958  0.77255  0.48576  0.95510
    255   2.83200  5.14307  2.11180  2.24444  4.49820  3.22190  3.80591  4.06779  2.77483  3.64020  4.50767  1.33588  3.84308  2.99573  3.28673  2.79132  3.15096  3.66139  5.74591  4.30587    263 n - - -
          2.68618  4.42225  2.77519  2.73123  3.46354  2.40513  3.72494  3.29354  2.67741  2.69355  4.24690  2.90347  2.73739  3.18146  2.89801  2.37887  2.77519  2.98518  4.58477  3.61503
          0.02805  3.98361  4.70596  0.61958  0.77255  0.48576  0.95510
    256   3.28139  4.71130  4.36758  4.00895  3.18073  4.12257  4.62987  2.39195  3.77559  0.74959  3.17081  4.27360  4.53947  4.11729  3.93307  3.70789  3.57096  2.45794  5.09929  3.84793    264 l - - -
          2.68618  4.42225  2.77519  2.73123  3.46354  2.40513  3.72494  3.29354  2.67741  2.69355  4.24690  2.90347  2.73739  3.18146  2.89801  2.37887  2.77519  2.98518  4.58477  3.61503
          0.02805  3.98361  4.70596  0.61958  0.77255  0.48576  0.95510
    257   2.90436  4.64219  3.52371  3.37950  4.36354  3.32345  4.44707  3.93846  3.44649  3.55289  4.60813  3.67456  0.64467  3.83189  3.67865  3.07554  3.35487  3.57101  5.51873  4.48603    265 P - - -
          2.68618  4.42225  2.77519  2.73123  3.46354  2.40513  3.72494  3.29354  2.67741  2.69355  4.24690  2.90347  2.73739  3.18146  2.89801  2.37887  2.77519  2.98518  4.58477  3.61503
          0.02805  3.98361  4.70596  0.61958  0.77255  0.48576  0.95510
    258   3.52728  4.80416  4.53470  4.19593  1.08607  4.31364  3.49372  3.19711  4.04841  2.54064  3.80539  4.02443  4.63107  4.05927  4.11002  3.68036  3.75370  3.13029  3.65068  1.53103    266 f - - -
          2.68618  4.42225  2.77519  2.73123  3.46354  2.40513  3.72494  3.29354  2.67741  2.69355  4.24690  2.90347  2.73739  3.18146  2.89801  2.37887  2.77519  2.98518  4.58477  3.61503
          0.02805  3.98361  4.70596  0.61958  0.77255  0.48576  0.95510
    259   3.15259  4.47174  4.77837  4.25122  3.35308  4.47624  4.91251  1.21653  4.11535  1.58369  3.16357  4.50011  4.73393  4.34145  4.29616  3.84263  3.40015  1.66961  5.36151  4.19681    267 i - - -
          2.68618  4.42225  2.77519  2.73123  3.46354  2.40513  3.72494  3.29354  2.67741  2.69355  4.24690  2.90347  2.73739  3.18146  2.89801  2.37887  2.77519  2.98518  4.58477  3.61503
          0.02805  3.98361  4.70596  0.61958  0.77255  0.48576  0.95510
    260   1.96744  4.16708  3.46765  3.14545  4.13099  3.00355  4.17445  3.36101  3.13410  3.18233  4.06250  3.31826  3.72427  3.45825  3.43345  2.29282  1.35927  2.93760  5.51919  4.30376    268 t - - -
          2.68618  4.42225  2.77519  2.73123  3.46354  2.40513  3.72494  3.29354  2.67741  2.69355  4.24690  2.90347  2.73739  3.18146  2.89801  2.37887  2.77519  2.98518  4.58477  3.61503
          0.02805  3.98361  4.70596  0.61958  0.77255  0.48576  0.95510
    261   1.90239  4.31329  3.37595  2.87994  3.60761  3.38561  3.25392  2.87759  2.81196  2.65856  3.57044  3.25584  3.87480  3.15828  3.15709  2.70328  2.70330  2.07441  5.04436  3.79292    269 a - - -
          2.68618  4.42225  2.77519  2.73123  3.46354  2.40513  3.72494  3.29354  2.67741  2.69355  4.24690  2.90347  2.73739  3.18146  2.89801  2.37887  2.77519  2.98518  4.58477  3.61503
          0.02805  3.98361  4.70596  0.61958  0.77255  0.48576  0.95510
    262   2.43728  4.72846  2.16088  2.40874  4.27772  2.58850  3.76143  3.69190  2.64605  3.30852  4.12926  2.90608  3.76970  2.93092  3.12157  2.59676  2.02604  3.29232  5.53798  4.18829    270 t - - -
          2.68618  4.42225  2.77520  2.73123  3.46354  2.40513  3.72495  3.29354  2.67741  2.69355  4.24690  2.90347  2.73734  3.18147  2.89801  2.37887  2.77520  2.98519  4.58477  3.61503
          0.05610  3.08964  4.70596  0.51977  0.90303  0.48576  0.95510
    263   2.39537  4.96123  2.25105  2.29297  4.29874  3.31018  3.62167  3.75009  2.43399  3.30008  4.09101  2.73453  3.32373  2.56030  2.92494  2.28160  2.73496  3.36563  5.49329  4.11049    272 d - - -
          2.68618  4.42225  2.77519  2.73123  3.46354  2.40513  3.72494  3.29354  2.67741  2.69355  4.24690  2.90347  2.73739  3.18146  2.89801  2.37887  2.77519  2.98518  4.58477  3.61503
          0.02805  3.98361  4.70596  0.61958  0.77255  0.48576  0.95510
    264   2.76201  5.15426  1.83512  2.13229  4.52370  3.23731  3.71878  4.00292  2.64499  3.54539  4.36771  2.62065  3.80597  2.87684  3.17834  1.81366  3.04841  3.59666  5.73016  4.29776    273 s - - -
          2.68618  4.42225  2.77519  2.73123  3.46354  2.40513  3.72494  3.29354  2.67741  2.69355  4.24690  2.90347  2.73739  3.18146  2.89801  2.37887  2.77519  2.98518  4.58477  3.61503
          0.02805  3.98361  4.70596  0.61958  0.77255  0.48576  0.95510
    265   2.80810  4.57154  3.50455  3.41857  4.55698  0.57650  4.53118  4.18447  3.61489  3.82441  4.80174  3.66897  3.96620  3.93034  3.83789  2.98335  3.29799  3.69135  5.62189  4.66295    274 G - - -
          2.68620  4.42227  2.77521  2.73104  3.46355  2.40514  3.72496  3.29356  2.67742  2.69356  4.24691  2.90348  2.73741  3.18140  2.89802  2.37888  2.77521  2.98520  4.58478  3.61505
          0.15319  2.01747  4.70596  0.34248  1.23790  0.48576  0.95510
    266   2.25418  4.36396  3.24370  3.04269  4.21281  3.09438  4.18694  3.56455  3.10760  3.28165  4.24334  3.31309  1.17969  3.47091  3.40518  2.61321  2.90783  3.15879  5.56286  4.33765    276 p - - -
          2.68618  4.42225  2.77519  2.73123  3.46354  2.40513  3.72494  3.29354  2.67741  2.69355  4.24690  2.90347  2.73739  3.18146  2.89801  2.37887  2.77519  2.98518  4.58477  3.61503
          0.02805  3.98361  4.70596  0.61958  0.77255  0.48576  0.95510
    267   2.73578  4.67997  3.30333  2.74691  3.87913  3.55123  3.74646  3.02629  1.61660  2.60337  3.76847  3.18870  3.95870  2.94208  2.66837  2.84852  2.97182  2.38829  5.22722  3.95687    277 k - - -
          2.68618  4.42225  2.77519  2.73123  3.46354  2.40513  3.72494  3.29354  2.67741  2.69355  4.24690  2.90347  2.73739  3.18146  2.89801  2.37887  2.77519  2.98518  4.58477  3.61503
          0.02805  3.98361  4.70596  0.61958  0.77255  0.48576  0.95510
    268   2.78110  5.02122  2.46664  2.33985  4.05259  3.33149  1.80536  3.78828  2.53259  3.34658  4.20303  2.46267  3.85625  2.89216  2.96043  2.76736  3.04719  3.44050  5.37016  3.92120    278 h - - -
          2.68618  4.42225  2.77519  2.73123  3.46354  2.40513  3.72494  3.29354  2.67741  2.69355  4.24690  2.90347  2.73739  3.18146  2.89801  2.37887  2.77519  2.98518  4.58477  3.61503
          0.02805  3.98361  4.70596  0.61958  0.77255  0.48576  0.95510
    269   3.26482  4.60715  4.77035  4.20826  3.09433  4.51229  4.81091  1.87403  4.05657  0.97007  2.57493  4.49154  4.70404  4.20971  4.20641  3.85573  3.48826  2.17314  5.16956  4.08703    279 l - - -
          2.68618  4.42225  2.77519  2.73123  3.46354  2.40513  3.72494  3.29354  2.67741  2.69355  4.24690  2.90347  2.73739  3.18146  2.89801  2.37887  2.77519  2.98518  4.58477  3.61503
          0.02805  3.98361  4.70596  0.61958  0.77255  0.48576  0.95510
    270   2.69385  5.15097  2.10680  1.80716  4.45073  3.30957  3.61481  3.59685  2.28117  3.43463  4.21876  2.67594  3.78368  2.63703  2.92696  2.64567  2.93806  3.51955  5.59869  4.18442    280 e - - -
          2.68618  4.42225  2.77519  2.73123  3.46354  2.40513  3.72494  3.29354  2.67741  2.69355  4.24690  2.90347  2.73739  3.18146  2.89801  2.37887  2.77519  2.98518  4.58477  3.61503
          0.02805  3.98361  4.70596  0.61958  0.77255  0.48576  0.95510
    271   2.56192  4.30306  3.40261  2.69060  3.43446  3.52859  3.77048  2.41441  2.66469  2.34410  2.87266  3.24785  3.90719  2.75622  3.10784  2.77397  2.79245  2.56699  4.87666  3.30282    281 l - - -
          2.68618  4.42225  2.77519  2.73123  3.46354  2.40513  3.72494  3.29354  2.67741  2.69355  4.24690  2.90347  2.73739  3.18146  2.89801  2.37887  2.77519  2.98518  4.58477  3.61503
          0.02805  3.98361  4.70596  0.61958  0.77255  0.48576  0.95510
    272   2.58805  4.85288  2.32599  2.36567  4.13261  3.36750  3.59879  3.55748  2.32708  3.13869  3.66174  2.89198  3.78070  2.73804  2.63802  2.49069  2.38710  3.21071  5.35677  4.00643    282 d - - -
          2.68618  4.42225  2.77519  2.73123  3.46354  2.40513  3.72494  3.29354  2.67741  2.69355  4.24690  2.90347  2.73739  3.18146  2.89801  2.37887  2.77519  2.98518  4.58477  3.61503
          0.02805  3.98361  4.70596  0.61958  0.77255  0.48576  0.95510
    273   3.23387  4.57097  4.75407  4.22893  3.17461  4.48446  4.83602  1.56470  4.05631  1.10350  3.00291  4.49204  4.71867  4.26224  4.21455  3.85570  3.47304  2.00568  5.22138  4.07030    283 l - - -
          2.68618  4.42225  2.77519  2.73123  3.46354  2.40513  3.72494  3.29354  2.67741  2.69355  4.24690  2.90347  2.73739  3.18146  2.89801  2.37887  2.77519  2.98518  4.58477  3.61503
          0.02805  3.98361  4.70596  0.61958  0.77255  0.48576  0.95510
    274   2.30132  4.21070  3.40078  3.12567  4.12005  3.02516  4.17382  3.38087  3.10602  3.19664  4.10456  3.31662  3.74819  3.46329  3.39250  2.26020  1.22777  2.96791  5.51717  4.27490    284 t - - -
          2.68618  4.42225  2.77519  2.73123  3.46354  2.40513  3.72494  3.29354  2.67741  2.69355  4.24690  2.90347  2.73739  3.18146  2.89801  2.37887  2.77519  2.98518  4.58477  3.61503
          0.02805  3.98361  4.70596  0.61958  0.77255  0.48576  0.95510
    275   3.13361  4.96309  3.63588  3.12503  4.34594  3.59904  3.90916  3.89615  2.28828  3.39194  4.39008  3.47584  4.09698  3.12471  0.82131  3.21294  3.39249  3.61552  5.38442  4.25006    285 r - - -
          2.68618  4.42225  2.77519  2.73123  3.46354  2.40513  3.72494  3.29354  2.67741  2.69355  4.24690  2.90347  2.73739  3.18146  2.89801  2.37887  2.77519  2.98518  4.58477  3.61503
          0.02805  3.98361  4.70596  0.61958  0.77255  0.48576  0.95510
    276   1.01947  4.15131  3.47109  3.24104  4.20146  2.95926  4.27955  3.44844  3.27522  3.28680  4.19093  3.35744  3.71928  3.58776  3.54482  2.26415  2.73854  2.99426  5.60556  4.37964    286 a - - -
          2.68618  4.42225  2.77519  2.73123  3.46354  2.40513  3.72494  3.29354  2.67741  2.69355  4.24690  2.90347  2.73739  3.18146  2.89801  2.37887  2.77519  2.98518  4.58477  3.61503
          0.02805  3.98361  4.70596  0.61958  0.77255  0.48576  0.95510
    277   2.78388  4.99831  3.00409  2.51616  4.35999  3.46725  3.61758  3.75054  1.60027  3.28062  4.11635  3.00058  3.88740  2.27531  2.45057  2.78738  2.56321  3.41103  5.43214  4.15232    287 k - - -
          2.68618  4.42225  2.77519  2.73123  3.46354  2.40513  3.72494  3.29354  2.67741  2.69355  4.24690  2.90347  2.73739  3.18146  2.89801  2.37887  2.77519  2.98518  4.58477  3.61503
          0.02805  3.98361  4.70596  0.61958  0.77255  0.48576  0.95510
    278   3.27942  4.63831  4.61321  4.13764  1.57464  4.34120  4.20086  2.40085  3.99021  1.28598  3.06524  4.26686  4.61275  4.10900  4.11193  3.70800  3.51364  2.48372  4.45377  2.92955    288 l - - -
          2.68618  4.42225  2.77519  2.73123  3.46354  2.40513  3.72494  3.29354  2.67741  2.69355  4.24690  2.90347  2.73739  3.18146  2.89801  2.37887  2.77519  2.98518  4.58477  3.61503
          0.02805  3.98361  4.70596  0.61958  0.77255  0.48576  0.95510
    279   2.84405  5.32216  2.20973  1.40282  4.60932  3.27116  3.69607  4.09546  2.57255  3.60573  4.43280  2.73984  3.82793  2.35115  3.07817  2.76475  3.10760  3.69562  5.76751  4.32622    289 e - - -
          2.68618  4.42225  2.77519  2.73123  3.46354  2.40513  3.72494  3.29354  2.67741  2.69355  4.24690  2.90347  2.73739  3.18146  2.89801  2.37887  2.77519  2.98518  4.58477  3.61503
          0.02805  3.98361  4.70596  0.61958  0.77255  0.48576  0.95510
    280   2.73523  5.10019  2.59826  1.78872  4.42766  3.33641  3.63835  3.87442  2.03354  3.40188  4.20999  2.73505  3.81831  2.77692  2.81298  2.25638  2.98098  3.49445  5.56760  4.19409    290 e - - -
          2.68618  4.42225  2.77519  2.73123  3.46354  2.40513  3.72494  3.29354  2.67741  2.69355  4.24690  2.90347  2.73739  3.18146  2.89801  2.37887  2.77519  2.98518  4.58477  3.61503
          0.02805  3.98361  4.70596  0.61958  0.77255  0.48576  0.95510
    281   3.25626  4.61108  4.73460  4.16884  3.06867  4.48207  4.76860  2.01673  4.01560  0.99953  2.22518  4.45492  4.67698  4.16789  4.16616  3.82053  3.47784  2.24538  5.13622  4.05819    291 l - - -
          2.68618  4.42225  2.77519  2.73123  3.46354  2.40513  3.72494  3.29354  2.67741  2.69355  4.24690  2.90347  2.73739  3.18146  2.89801  2.37887  2.77519  2.98518  4.58477  3.61503
          0.02805  3.98361  4.70596  0.61958  0.77255  0.48576  0.95510
    282   2.73065  4.28836  4.00995  3.48685  3.52228  3.78617  4.31593  1.79151  3.38731  2.27822  3.40886  3.77860  4.22650  3.69488  3.66791  3.12330  1.95535  1.75400  5.19175  3.97740    292 v - - -
          2.68618  4.42225  2.77519  2.73123  3.46354  2.40513  3.72494  3.29354  2.67741  2.69355  4.24690  2.90347  2.73739  3.18146  2.89801  2.37887  2.77519  2.98518  4.58477  3.61503
          0.02805  3.98361  4.70596  0.61958  0.77255  0.48576  0.95510
    283   2.56761  5.05858  2.53855  1.84926  4.35802  2.97602  3.60567  3.81571  2.34111  3.34656  4.13365  2.81168  3.78057  2.64085  2.76250  2.35082  2.89967  3.42884  5.52471  4.13154    293 e - - -
          2.68618  4.42225  2.77519  2.73123  3.46354  2.40513  3.72494  3.29354  2.67741  2.69355  4.24690  2.90347  2.73739  3.18146  2.89801  2.37887  2.77519  2.98518  4.58477  3.61503
          0.02805  3.98361  4.70596  0.61958  0.77255  0.48576  0.95510
    284   2.82259  5.25543  1.52854  2.07552  4.59191  3.23999  3.73277  4.07335  2.68040  3.61141  4.44532  2.74020  2.45423  2.89353  3.22685  2.75532  3.10629  3.66944  5.78782  4.34293    294 d - - -
          2.68618  4.42225  2.77519  2.73123  3.46354  2.40513  3.72494  3.29354  2.67741  2.69355  4.24690  2.90347  2.73739  3.18146  2.89801  2.37887  2.77519  2.98518  4.58477  3.61503
          0.02805  3.98361  4.70596  0.61958  0.77255  0.48576  0.95510
    285   3.17977  4.50726  4.77559  4.23299  3.24576  4.47593  4.86305  1.56092  4.10105  1.21261  3.04766  4.48939  4.71106  4.28679  4.26618  3.83125  3.41849  1.76229  5.27452  4.14926    295 l - - -
          2.68618  4.42225  2.77519  2.73123  3.46354  2.40513  3.72494  3.29354  2.67741  2.69355  4.24690  2.90347  2.73739  3.18146  2.89801  2.37887  2.77519  2.98518  4.58477  3.61503
          0.02805  3.98361  4.70596  0.61958  0.77255  0.48576  0.95510
    286   3.11011  4.42540  4.76878  4.23453  3.40003  4.45121  4.89707  1.49786  4.12150  1.59955  3.20564  4.47599  4.71384  4.34024  4.30558  3.80912  3.35621  1.33865  5.37198  4.21002    296 v - - -
          2.68618  4.42225  2.77519  2.73123  3.46354  2.40513  3.72494  3.29354  2.67741  2.69355  4.24690  2.90347  2.73739  3.18146  2.89801  2.37887  2.77519  2.98518  4.58477  3.61503
          0.02805  3.98361  4.70596  0.61958  0.77255  0.48576  0.95510
    287   2.69639  5.36992  1.92993  1.42150  4.66018  3.24630  3.70633  4.15207  2.64048  3.65987  4.48382  2.70957  3.81923  2.69187  3.19213  2.75932  3.11955  3.73900  5.82883  4.36054    297 e - - -
          2.68618  4.42225  2.77519  2.73123  3.46354  2.40513  3.72494  3.29354  2.67741  2.69355  4.24690  2.90347  2.73739  3.18146  2.89801  2.37887  2.77519  2.98518  4.58477  3.61503
          0.02805  3.98361  4.70596  0.61958  0.77255  0.48576  0.95510
    288   3.06026  5.14576  3.48636  2.81838  4.59691  3.66786  3.61410  3.94449  1.53676  3.39231  4.27094  3.21134  4.03934  2.75259  1.34906  3.06128  3.22674  3.63283  5.43509  4.27439    298 r - - -
          2.68618  4.42225  2.77519  2.73123  3.46354  2.40513  3.72494  3.29354  2.67741  2.69355  4.24690  2.90347  2.73739  3.18146  2.89801  2.37887  2.77519  2.98518  4.58477  3.61503
          0.02805  3.98361  4.70596  0.61958  0.77255  0.48576  0.95510
    289   2.33029  2.60584  3.83735  3.35507  3.66817  3.19110  4.14752  2.80771  3.25433  2.70657  3.63167  3.48640  3.82789  3.53713  3.51237  2.45600  1.74377  2.29520  5.14714  3.94720    299 t - - -
          2.68618  4.42225  2.77519  2.73123  3.46354  2.40513  3.72494  3.29354  2.67741  2.69355  4.24690  2.90347  2.73739  3.18146  2.89801  2.37887  2.77519  2.98518  4.58477  3.61503
          0.02805  3.98361  4.70596  0.61958  0.77255  0.48576  0.95510
    290   2.51008  4.40187  3.33919  2.76580  3.55299  3.52075  3.73812  2.89021  2.32387  2.26531  3.49417  3.19783  3.90161  3.01033  2.74180  2.76771  2.82114  2.27056  4.96136  3.47199    300 l - - -
          2.68618  4.42225  2.77519  2.73123  3.46354  2.40513  3.72494  3.29354  2.67741  2.69355  4.24690  2.90347  2.73739  3.18146  2.89801  2.37887  2.77519  2.98518  4.58477  3.61503
          0.02805  3.98361  4.70596  0.61958  0.77255  0.48576  0.95510
    291   2.35204  4.55209  3.00758  2.40195  3.90500  2.47080  3.72525  3.28939  2.59127  2.94883  3.79435  2.91727  3.25993  2.92506  3.01878  2.61836  2.80587  2.46079  5.23654  3.94223    301 a - - -
          2.68618  4.42225  2.77519  2.73123  3.46354  2.40513  3.72494  3.29354  2.67741  2.69355  4.24690  2.90347  2.73739  3.18146  2.89801  2.37887  2.77519  2.98518  4.58477  3.61503
          0.02805  3.98361  4.70596  0.61958  0.77255  0.48576  0.95510
    292   2.33827  4.31381  3.15845  2.89592  4.23882  3.02735  4.06608  3.69449  2.98116  3.36060  4.21137  3.18850  1.73230  3.31245  3.32600  1.73002  2.78769  3.20660  5.56452  4.29818    302 s - - -
          2.68618  4.42225  2.77519  2.73123  3.46354  2.40513  3.72494  3.29354  2.67741  2.69355  4.24690  2.90347  2.73739  3.18146  2.89801  2.37887  2.77519  2.98518  4.58477  3.61503
          0.02805  3.98361  4.70596  0.61958  0.77255  0.48576  0.95510
    293   2.79142  4.29353  4.06768  3.50438  3.27912  3.89742  4.23553  1.93664  3.38823  1.92315  2.23209  3.80747  4.24783  3.66080  3.63708  3.19620  2.37228  2.10219  4.98506  3.80586    303 l - - -
          2.68618  4.42225  2.77519  2.73123  3.46354  2.40513  3.72494  3.29354  2.67741  2.69355  4.24690  2.90347  2.73739  3.18146  2.89801  2.37887  2.77519  2.98518  4.58477  3.61503
          0.02805  3.98361  4.70596  0.61958  0.77255  0.48576  0.95510
    294   2.70693  5.15133  2.35859  1.79281  4.46849  3.33717  3.60396  3.93223  2.27881  3.43227  4.21698  2.80886  3.79660  2.61015  2.34201  2.66099  2.94442  3.53068  5.58059  4.18668    304 e - - -
          2.68618  4.42225  2.77519  2.73123  3.46354  2.40513  3.72494  3.29354  2.67741  2.69355  4.24690  2.90347  2.73739  3.18146  2.89801  2.37887  2.77519  2.98518  4.58477  3.61503
          0.02805  3.98361  4.70596  0.61958  0.77255  0.48576  0.95510
    295   2.73881  4.95417  3.10220  2.51882  4.27164  3.48877  3.58882  3.66767  1.90672  3.20396  3.70077  3.00481  3.87136  1.96394  2.30213  2.74882  2.82234  3.33548  5.36878  4.08626    305 k - - -
          2.68618  4.42225  2.77519  2.73123  3.46354  2.40513  3.72494  3.29354  2.67741  2.69355  4.24690  2.90347  2.73739  3.18146  2.89801  2.37887  2.77519  2.98518  4.58477  3.61503
          0.02805  3.98361  4.70596  0.61958  0.77255  0.48576  0.95510
    296   0.86475  4.25027  3.57781  3.37542  4.16530  3.07160  4.38401  3.30763  3.39459  3.18400  4.20452  3.49618  3.82144  3.72578  3.63676  2.60006  2.88517  2.94277  5.58136  4.39428    306 a - - -
          2.68618  4.42225  2.77519  2.73123  3.46354  2.40513  3.72494  3.29354  2.67741  2.69355  4.24690  2.90347  2.73739  3.18146  2.89801  2.37887  2.77519  2.98518  4.58477  3.61503
          0.02805  3.98361  4.70596  0.61958  0.77255  0.48576  0.95510
    297   3.25406  4.65106  4.59072  4.10152  3.09362  4.37580  4.70822  2.05310  3.87028  0.87900  2.98021  4.37616  4.65740  4.13871  4.03901  3.77330  3.50610  2.22080  5.12498  3.91435    307 l - - -
          2.68618  4.42225  2.77519  2.73123  3.46354  2.40513  3.72494  3.29354  2.67741  2.69355  4.24690  2.90347  2.73739  3.18146  2.89801  2.37887  2.77519  2.98518  4.58477  3.61503
          0.02805  3.98361  4.70596  0.61958  0.77255  0.48576  0.95510
    298   2.47088  4.96796  2.55743  1.87574  4.29746  3.31131  3.64659  3.73811  2.46200  3.30156  4.10865  2.83905  3.79170  2.79108  2.79982  2.06243  2.91315  3.36726  5.50378  4.12906    308 e - - -
          2.68618  4.42225  2.77519  2.73123  3.46354  2.40513  3.72494  3.29354  2.67741  2.69355  4.24690  2.90347  2.73739  3.18146  2.89801  2.37887  2.77519  2.98518  4.58477  3.61503
          0.02805  3.98361  4.70596  0.61958  0.77255  0.48576  0.95510
    299   2.88477  5.19222  1.12117  2.24631  4.69514  2.49752  3.87525  4.23051  2.92025  3.78690  4.66184  2.80639  3.85468  3.06864  3.48045  2.83511  3.22216  3.79352  5.87983  4.47797    309 d - - -
          2.68618  4.42225  2.77519  2.73123  3.46354  2.40513  3.72494  3.29354  2.67741  2.69355  4.24690  2.90347  2.73739  3.18146  2.89801  2.37887  2.77519  2.98518  4.58477  3.61503
          0.02805  3.98361  4.70596  0.61958  0.77255  0.48576  0.95510
    300   0.99647  4.16091  3.47919  3.25687  4.18572  2.97262  4.29189  3.40164  3.28654  3.26224  4.18685  3.37235  3.73251  3.60494  3.55101  2.34312  2.75420  2.96649  5.60140  4.37128    310 a - - -
          2.68618  4.42225  2.77519  2.73123  3.46354  2.40513  3.72494  3.29354  2.67741  2.69355  4.24690  2.90347  2.73739  3.18146  2.89801  2.37887  2.77519  2.98518  4.58477  3.61503
          0.02805  3.98361  4.70596  0.61958  0.77255  0.48576  0.95510
    301   2.72431  5.03142  2.45015  2.33004  4.41123  2.53212  3.67160  3.85617  1.63962  3.40016  4.21726  2.86187  3.82259  2.81847  2.84261  2.70699  2.98648  3.47444  5.56488  4.20524    311 k - - -
          2.68618  4.42225  2.77519  2.73123  3.46354  2.40513  3.72494  3.29354  2.67741  2.69355  4.24690  2.90347  2.73739  3.18146  2.89801  2.37887  2.77519  2.98518  4.58477  3.61503
          0.02805  3.98361  4.70596  0.61958  0.77255  0.48576  0.95510
    302   2.89532  4.37359  4.16447  3.60221  2.98334  3.98333  4.15925  2.37389  3.45849  1.28941  2.88159  3.87483  4.30100  3.70413  3.67383  3.28181  3.12457  2.24864  4.73395  2.68520    312 l - - -
          2.68618  4.42225  2.77519  2.73123  3.46354  2.40513  3.72494  3.29354  2.67741  2.69355  4.24690  2.90347  2.73739  3.18146  2.89801  2.37887  2.77519  2.98518  4.58477  3.61503
          0.02805  3.98361  4.70596  0.61958  0.77255  0.48576  0.95510
    303   2.55726  4.70363  2.76409  2.45410  4.11478  3.14145  3.69555  3.52845  2.27243  3.13985  3.96306  2.94748  3.78594  2.86273  2.94711  2.11828  2.14921  3.17412  5.37903  4.05500    313 s - - -
          2.68618  4.42225  2.77519  2.73123  3.46354  2.40513  3.72494  3.29354  2.67741  2.69355  4.24690  2.90347  2.73739  3.18146  2.89801  2.37887  2.77519  2.98518  4.58477  3.61503
          0.02805  3.98361  4.70596  0.61958  0.77255  0.48576  0.95510
    304   2.53884  4.93836  2.75519  2.36076  4.25477  3.37079  3.59632  3.68794  1.88148  3.23733  4.03383  2.76597  2.92160  2.72773  2.64803  2.62837  2.76510  3.32262  5.42343  4.07290    314 k - - -
          2.68618  4.42225  2.77519  2.73123  3.46354  2.40513  3.72494  3.29354  2.67741  2.69355  4.24690  2.90347  2.73739  3.18146  2.89801  2.37887  2.77519  2.98518  4.58477  3.61503
          0.02805  3.98361  4.70596  0.61958  0.77255  0.48576  0.95510
    305   2.64307  4.96515  2.56132  2.22100  4.28940  3.01631  3.63818  3.73517  2.38319  3.29445  4.09653  2.36501  3.78445  2.77993  2.94660  2.10122  2.67709  3.36183  5.49686  4.11869    315 s - - -
          2.68618  4.42225  2.77519  2.73123  3.46354  2.40513  3.72494  3.29354  2.67741  2.69355  4.24690  2.90347  2.73739  3.18146  2.89801  2.37887  2.77519  2.98518  4.58477  3.61503
          0.02805  3.98361  4.70596  0.61958  0.77255  0.48576  0.95510
    306   2.94752  5.47429  1.17590  2.02140  4.74386  3.21890  3.77018  4.26555  2.78568  3.78105  4.64908  2.68942  3.84612  2.72792  3.36486  2.83711  3.23981  3.85529  5.94501  4.44662    316 d - - -
          2.68618  4.42225  2.77519  2.73123  3.46354  2.40513  3.72494  3.29354  2.67741  2.69355  4.24690  2.90347  2.73739  3.18146  2.89801  2.37887  2.77519  2.98518  4.58477  3.61503
          0.02805  3.98361  4.70596  0.61958  0.77255  0.48576  0.95510
    307   3.14839  4.47381  4.75617  4.23835  3.36914  4.46058  4.90962  1.15177  4.09046  1.67222  3.18994  4.48730  4.73176  4.33724  4.27692  3.83331  3.40056  1.68372  5.37334  4.18978    317 i - - -
          2.68618  4.42225  2.77519  2.73123  3.46354  2.40513  3.72494  3.29354  2.67741  2.69355  4.24690  2.90347  2.73739  3.18146  2.89801  2.37887  2.77519  2.98518  4.58477  3.61503
          0.02805  3.98361  4.70596  0.61958  0.77255  0.48576  0.95510
    308   2.58116  5.08466  1.41866  2.22154  4.53086  3.21221  3.75850  3.97047  2.70724  3.55756  4.39364  2.60415  3.80683  2.92523  3.23958  2.71288  2.70647  3.56262  5.75741  4.32921    318 d - - -
          2.68618  4.42225  2.77519  2.73123  3.46354  2.40513  3.72494  3.29354  2.67741  2.69355  4.24690  2.90347  2.73739  3.18146  2.89801  2.37887  2.77519  2.98518  4.58477  3.61503
          0.02805  3.98361  4.70596  0.61958  0.77255  0.48576  0.95510
    309   2.73005  5.13215  2.47705  2.10558  4.46348  3.37528  3.59869  3.90970  1.69153  3.40759  4.20078  2.85309  3.81905  2.72310  2.47710  2.69145  2.95966  3.52026  5.54602  4.18314    319 k - - -
          2.68618  4.42225  2.77519  2.73123  3.46354  2.40513  3.72494  3.29354  2.67741  2.69355  4.24690  2.90347  2.73739  3.18146  2.89801  2.37887  2.77519  2.98518  4.58477  3.61503
          0.02805  3.98361  4.70596  0.61958  0.77255  0.48576  0.95510
    310   3.09734  4.41043  4.76769  4.24466  3.48095  4.45143  4.93841  1.43715  4.13212  1.84446  3.28836  4.48429  4.73050  4.37749  4.32959  3.81756  3.35005  1.20479  5.44302  4.25632    320 v - - -
          2.68618  4.42225  2.77519  2.73123  3.46354  2.40513  3.72494  3.29354  2.67741  2.69355  4.24690  2.90347  2.73739  3.18146  2.89801  2.37887  2.77519  2.98518  4.58477  3.61503
          0.02805  3.98361  4.70596  0.61958  0.77255  0.48576  0.95510
    311   3.13967  4.45614  4.78034  4.25530  3.39067  4.47391  4.92807  1.19663  4.12569  1.67365  3.19902  4.50168  4.73753  4.35787  4.31136  3.84140  3.38920  1.59488  5.39064  4.22023    321 i - - -
          2.68618  4.42225  2.77519  2.73123  3.46354  2.40513  3.72494  3.29354  2.67741  2.69355  4.24690  2.90347  2.73739  3.18146  2.89801  2.37887  2.77519  2.98518  4.58477  3.61503
          0.02805  3.98361  4.70596  0.61958  0.77255  0.48576  0.95510
    312   3.27055  4.62870  4.72329  4.16456  2.62924  4.46711  4.66597  2.22305  4.03213  0.92099  2.49774  4.43108  4.66179  4.14946  4.17242  3.80268  3.48946  2.36328  4.99277  3.81109    322 l - - -
          2.68618  4.42225  2.77519  2.73123  3.46354  2.40513  3.72494  3.29354  2.67741  2.69355  4.24690  2.90347  2.73739  3.18146  2.89801  2.37887  2.77519  2.98518  4.58477  3.61503
          0.02805  3.98361  4.70596  0.61958  0.77255  0.48576  0.95510
    313   3.05148  4.40012  4.68244  4.19365  3.55172  4.34042  4.92972  1.52053  4.07290  2.07650  3.37402  4.42086  4.68558  4.35622  4.28471  3.72979  3.32619  1.06097  5.49454  4.27613    323 v - - -
          2.68618  4.42225  2.77519  2.73123  3.46354  2.40513  3.72494  3.29354  2.67741  2.69355  4.24690  2.90347  2.73739  3.18146  2.89801  2.37887  2.77519  2.98518  4.58477  3.61503
          0.02805  3.98361  4.70596  0.61958  0.77255  0.48576  0.95510
    314   2.80810  4.57154  3.50455  3.41857  4.55698  0.57650  4.53118  4.18447  3.61489  3.82441  4.80174  3.66897  3.96620  3.93034  3.83789  2.98335  3.29799  3.69135  5.62189  4.66295    324 G - - -
          2.68618  4.42225  2.77519  2.73123  3.46354  2.40513  3.72494  3.29354  2.67741  2.69355  4.24690  2.90347  2.73739  3.18146  2.89801  2.37887  2.77519  2.98518  4.58477  3.61503
          0.02805  3.98361  4.70596  0.61958  0.77255  0.48576  0.95510
    315   2.80810  4.57154  3.50455  3.41857  4.55698  0.57650  4.53118  4.18447  3.61489  3.82441  4.80174  3.66897  3.96620  3.93034  3.83789  2.98335  3.29799  3.69135  5.62189  4.66295    325 G - - -
          2.68618  4.42225  2.77519  2.73123  3.46354  2.40513  3.72494  3.29354  2.67741  2.69355  4.24690  2.90347  2.73739  3.18146  2.89801  2.37887  2.77519  2.98518  4.58477  3.61503
          0.02805  3.98361  4.70596  0.61958  0.77255  0.48576  0.95510
    316   1.90359  4.25463  3.25817  2.91992  4.21615  3.00923  4.04991  3.61739  2.97498  3.29398  4.12433  3.19304  2.07892  3.28633  3.33434  1.79660  2.72476  3.13240  5.54434  4.29803    326 s - - -
          2.68618  4.42225  2.77519  2.73123  3.46354  2.40513  3.72494  3.29354  2.67741  2.69355  4.24690  2.90347  2.73739  3.18146  2.89801  2.37887  2.77519  2.98518  4.58477  3.61503
          0.02805  3.98361  4.70596  0.61958  0.77255  0.48576  0.95510
    317   2.47535  4.32027  3.52971  3.28819  4.06989  3.15554  4.29665  3.21067  3.23335  3.07019  4.11446  3.47887  3.86845  3.62286  3.48599  2.67798  0.99657  2.89366  5.49791  4.28686    327 t - - -
          2.68618  4.42225  2.77519  2.73123  3.46354  2.40513  3.72494  3.29354  2.67741  2.69355  4.24690  2.90347  2.73739  3.18146  2.89801  2.37887  2.77519  2.98518  4.58477  3.61503
          0.02805  3.98361  4.70596  0.61958  0.77255  0.48576  0.95510
    318   3.13361  4.96309  3.63588  3.12503  4.34594  3.59904  3.90916  3.89615  2.28828  3.39194  4.39008  3.47584  4.09698  3.12471  0.82131  3.21294  3.39249  3.61552  5.38442  4.25006    328 r - - -
          2.68618  4.42225  2.77519  2.73123  3.46354  2.40513  3.72494  3.29354  2.67741  2.69355  4.24690  2.90347  2.73739  3.18146  2.89801  2.37887  2.77519  2.98518  4.58477  3.61503
          0.02805  3.98361  4.70596  0.61958  0.77255  0.48576  0.95510
    319   2.94654  4.40432  4.30571  3.76114  3.24068  4.07560  4.45752  1.85625  3.60462  1.78322  1.74794  4.04192  4.40987  3.87448  3.81967  3.40607  2.99315  2.08916  5.09403  3.93901    329 m - - -
          2.68618  4.42225  2.77519  2.73123  3.46354  2.40513  3.72494  3.29354  2.67741  2.69355  4.24690  2.90347  2.73739  3.18146  2.89801  2.37887  2.77519  2.98518  4.58477  3.61503
          0.02805  3.98361  4.70596  0.61958  0.77255  0.48576  0.95510
    320   2.90436  4.64219  3.52371  3.37950  4.36354  3.32345  4.44707  3.93846  3.44649  3.55289  4.60813  3.67456  0.64467  3.83189  3.67865  3.07554  3.35487  3.57101  5.51873  4.48603    330 P - - -
          2.68618  4.42225  2.77519  2.73123  3.46354  2.40513  3.72494  3.29354  2.67741  2.69355  4.24690  2.90347  2.73739  3.18146  2.89801  2.37887  2.77519  2.98518  4.58477  3.61503
          0.02805  3.98361  4.70596  0.61958  0.77255  0.48576  0.95510
    321   2.14761  4.37477  3.33088  2.76834  3.49191  3.51637  3.75299  2.64933  2.70176  2.45684  3.32030  3.20310  3.89909  2.58174  3.07329  2.75791  2.80749  2.62461  4.93070  3.15566    331 a - - -
          2.68618  4.42225  2.77519  2.73123  3.46354  2.40513  3.72494  3.29354  2.67741  2.69355  4.24690  2.90347  2.73739  3.18146  2.89801  2.37887  2.77519  2.98518  4.58477  3.61503
          0.02805  3.98361  4.70596  0.61958  0.77255  0.48576  0.95510
    322   2.97699  4.39818  4.50845  4.05666  3.55042  4.14140  4.81337  1.76582  3.91013  2.12566  3.41812  4.27027  4.56809  4.23177  4.12955  3.55222  3.28022  0.98904  5.45233  4.19899    332 v - - -
          2.68618  4.42225  2.77519  2.73123  3.46354  2.40513  3.72494  3.29354  2.67741  2.69355  4.24690  2.90347  2.73739  3.18146  2.89801  2.37887  2.77519  2.98518  4.58477  3.61503
          0.02805  3.98361  4.70596  0.61958  0.77255  0.48576  0.95510
    323   2.60888  4.65279  3.12124  2.54624  3.86022  3.45933  3.63805  3.09534  2.25438  2.80065  3.73308  3.03176  3.84200  2.36786  2.47441  2.68638  2.83377  2.60440  5.16005  3.63129    333 k - - -
          2.68618  4.42225  2.77519  2.73123  3.46354  2.40513  3.72494  3.29354  2.67741  2.69355  4.24690  2.90347  2.73739  3.18146  2.89801  2.37887  2.77519  2.98518  4.58477  3.61503
          0.02805  3.98361  4.70596  0.61958  0.77255  0.48576  0.95510
    324   2.56688  5.18826  2.34869  1.75219  4.49645  3.30670  3.63390  3.96449  1.99341  3.47478  4.26926  2.66293  3.79962  2.76651  2.92413  2.68147  2.98274  3.56348  5.63550  4.22336    334 e - - -
          2.68618  4.42225  2.77519  2.73123  3.46354  2.40513  3.72494  3.29354  2.67741  2.69355  4.24690  2.90347  2.73739  3.18146  2.89801  2.37887  2.77519  2.98518  4.58477  3.61503
          0.02805  3.98361  4.70596  0.61958  0.77255  0.48576  0.95510
    325   2.57656  4.31473  3.41107  2.84727  2.81445  3.53851  3.76240  2.80467  2.55972  2.19371  3.40425  3.25674  3.91750  2.75338  3.11223  2.78670  2.70343  2.58474  4.82994  3.07569    335 l - - -
          2.68618  4.42225  2.77519  2.73123  3.46354  2.40513  3.72494  3.29354  2.67741  2.69355  4.24690  2.90347  2.73739  3.18146  2.89801  2.37887  2.77519  2.98518  4.58477  3.61503
          0.02805  3.98361  4.70596  0.61958  0.77255  0.48576  0.95510
    326   2.97699  4.39818  4.50845  4.05666  3.55042  4.14140  4.81337  1.76582  3.91013  2.12566  3.41812  4.27027  4.56809  4.23177  4.12955  3.55222  3.28022  0.98904  5.45233  4.19899    336 v - - -
          2.68618  4.42225  2.77519  2.73123  3.46354  2.40513  3.72494  3.29354  2.67741  2.69355  4.24690  2.90347  2.73739  3.18146  2.89801  2.37887  2.77519  2.98518  4.58477  3.61503
          0.02805  3.98361  4.70596  0.61958  0.77255  0.48576  0.95510
    327   2.78910  5.14469  2.51519  1.50658  4.47774  3.32226  3.67207  3.91920  2.16114  3.45571  4.28208  2.82426  3.83707  2.82069  2.85354  2.47400  3.04365  3.54348  5.62203  4.24453    337 e - - -
          2.68618  4.42225  2.77519  2.73123  3.46354  2.40513  3.72494  3.29354  2.67741  2.69355  4.24690  2.90347  2.73739  3.18146  2.89801  2.37887  2.77519  2.98518  4.58477  3.61503
          0.02805  3.98361  4.70596  0.61958  0.77255  0.48576  0.95510
    328   2.63814  5.21149  2.00837  1.97295  4.51596  3.29098  3.63165  3.99730  2.37369  3.50010  4.28651  2.29478  3.78783  2.76153  2.84923  2.54689  2.97399  3.58461  5.65963  4.22949    338 e - - -
          2.68618  4.42225  2.77519  2.73123  3.46354  2.40513  3.72494  3.29354  2.67741  2.69355  4.24690  2.90347  2.73739  3.18146  2.89801  2.37887  2.77519  2.98518  4.58477  3.61503
          0.02805  3.98361  4.70596  0.61958  0.77255  0.48576  0.95510
    329   2.79411  4.22370  4.27469  3.70150  2.19628  3.91836  4.10817  2.28950  3.57774  1.68510  2.91966  3.89068  4.24422  3.75696  3.73558  3.21747  3.02242  2.05488  4.61848  2.80157    339 l - - -
          2.68618  4.42225  2.77519  2.73123  3.46354  2.40513  3.72494  3.29354  2.67741  2.69355  4.24690  2.90347  2.73739  3.18146  2.89801  2.37887  2.77519  2.98518  4.58477  3.61503
          0.02805  3.98361  4.70596  0.61958  0.77255  0.48576  0.95510
    330   2.75819  4.22587  4.12372  3.55153  2.88286  3.89384  4.20947  1.99552  3.45600  1.80867  2.98383  3.82475  4.23226  3.68941  3.68105  3.18602  2.28924  1.94445  4.90138  3.71964    340 l - - -
          2.68618  4.42225  2.77519  2.73123  3.46354  2.40513  3.72494  3.29354  2.67741  2.69355  4.24690  2.90347  2.73739  3.18146  2.89801  2.37887  2.77519  2.98518  4.58477  3.61503
          0.02805  3.98361  4.70596  0.61958  0.77255  0.48576  0.95510
    331   2.80810  4.57154  3.50455  3.41857  4.55698  0.57650  4.53118  4.18447  3.61489  3.82441  4.80174  3.66897  3.96620  3.93034  3.83789  2.98335  3.29799  3.69135  5.62189  4.66295    341 G - - -
          2.68618  4.42225  2.77519  2.73123  3.46354  2.40513  3.72494  3.29354  2.67741  2.69355  4.24690  2.90347  2.73739  3.18146  2.89801  2.37887  2.77519  2.98518  4.58477  3.61503
          0.02805  3.98361  4.70596  0.61958  0.77255  0.48576  0.95510
    332   2.70600  4.89564  3.08054  2.50945  4.19341  3.47218  3.59782  3.19905  1.70133  3.15011  3.97648  2.99880  3.85929  2.39774  2.43772  2.64450  2.82427  3.26378  5.33731  4.04867    342 k - - -
          2.68618  4.42225  2.77519  2.73123  3.46354  2.40513  3.72494  3.29354  2.67741  2.69355  4.24690  2.90347  2.73739  3.18146  2.89801  2.37887  2.77519  2.98518  4.58477  3.61503
          0.02805  3.98361  4.70596  0.61958  0.77255  0.48576  0.95510
    333   2.74511  5.20454  2.31574  1.71706  4.51512  3.30659  3.63614  3.98493  1.95522  3.49087  4.28617  2.77766  3.48059  2.76879  2.91912  2.68841  2.99264  3.58169  5.64733  4.23418    343 e - - -
          2.68618  4.42225  2.77519  2.73123  3.46354  2.40513  3.72494  3.29354  2.67741  2.69355  4.24690  2.90347  2.73739  3.18146  2.89801  2.37887  2.77519  2.98518  4.58477  3.61503
          0.02805  3.98361  4.70596  0.61958  0.77255  0.48576  0.95510
    334   2.06140  4.24647  3.38930  2.96791  3.94305  3.12757  4.00765  3.20892  2.94653  2.98736  3.87059  3.25305  1.93340  3.27296  3.29194  2.38106  2.74299  2.39638  5.33711  4.09749    344 p - - -
          2.68618  4.42225  2.77519  2.73123  3.46354  2.40513  3.72494  3.29354  2.67741  2.69355  4.24690  2.90347  2.73739  3.18146  2.89801  2.37887  2.77519  2.98518  4.58477  3.61503
          0.02805  3.98361  4.70596  0.61958  0.77255  0.48576  0.95510
    335   2.70125  4.93149  2.82734  1.90153  4.13434  3.40885  3.62069  3.61014  1.99202  3.18175  4.01222  2.92236  3.83818  2.77664  2.72297  2.70778  2.93060  3.28164  5.35389  2.94487    345 e - - -
          2.68618  4.42225  2.77519  2.73123  3.46354  2.40513  3.72494  3.29354  2.67741  2.69355  4.24690  2.90347  2.73739  3.18146  2.89801  2.37887  2.77519  2.98518  4.58477  3.61503
          0.02805  3.98361  4.70596  0.61958  0.77255  0.48576  0.95510
    336   2.72582  4.94580  3.01851  2.50596  4.33696  2.90398  3.61608  3.74298  1.64012  3.27379  4.09361  2.99061  3.86064  2.75386  2.23927  2.49688  2.95771  3.38790  5.42447  4.13650    346 k - - -
          2.68618  4.42225  2.77519  2.73123  3.46354  2.40513  3.72494  3.29354  2.67741  2.69355  4.24690  2.90347  2.73739  3.18146  2.89801  2.37887  2.77519  2.98518  4.58477  3.61503
          0.02805  3.98361  4.70596  0.61958  0.77255  0.48576  0.95510
    337   2.51166  4.61846  2.68367  2.51110  4.39777  1.95169  3.89815  3.88787  2.80723  3.49294  4.32351  1.81302  3.76272  3.09711  3.23680  2.46423  2.90710  3.40906  5.66526  4.32229    347 n - - -
          2.68618  4.42225  2.77519  2.73123  3.46354  2.40513  3.72494  3.29354  2.67741  2.69355  4.24690  2.90347  2.73739  3.18146  2.89801  2.37887  2.77519  2.98518  4.58477  3.61503
          0.02805  3.98361  4.70596  0.61958  0.77255  0.48576  0.95510
    338   3.06934  4.40089  4.73389  4.24030  3.55096  4.38767  4.96599  1.39196  4.12467  2.06346  3.36417  4.46524  4.71495  4.39751  4.33044  3.77518  3.33907  1.13444  5.50590  4.29580    348 v - - -
          2.68618  4.42225  2.77519  2.73123  3.46354  2.40513  3.72494  3.29354  2.67741  2.69355  4.24690  2.90347  2.73739  3.18146  2.89801  2.37887  2.77519  2.98518  4.58477  3.61503
          0.02805  3.98361  4.70596  0.61958  0.77255  0.48576  0.95510
    339   2.88385  5.34562  1.58409  2.14436  4.66723  3.21437  3.77250  4.22076  2.77418  3.74750  4.60034  1.69061  3.83447  2.94591  3.34301  2.79876  3.18577  3.79608  5.87742  4.39408    349 d - - -
          2.68618  4.42225  2.77519  2.73123  3.46354  2.40513  3.72494  3.29354  2.67741  2.69355  4.24690  2.90347  2.73739  3.18146  2.89801  2.37887  2.77519  2.98518  4.58477  3.61503
          0.02805  3.98361  4.70596  0.61958  0.77255  0.48576  0.95510
    340   2.90436  4.64219  3.52371  3.37950  4.36354  3.32345  4.44707  3.93846  3.44649  3.55289  4.60813  3.67456  0.64467  3.83189  3.67865  3.07554  3.35487  3.57101  5.51873  4.48603    350 P - - -
          2.68618  4.42225  2.77519  2.73123  3.46354  2.40513  3.72494  3.29354  2.67741  2.69355  4.24690  2.90347  2.73739  3.18146  2.89801  2.37887  2.77519  2.98518  4.58477  3.61503
          0.02805  3.98361  4.70596  0.61958  0.77255  0.48576  0.95510
    341   2.69342  4.73646  1.91704  2.51568  3.87037  3.40709  3.77891  3.17568  2.67148  2.83124  2.37310  3.02236  3.88797  2.98558  3.11208  2.76615  2.95887  2.94410  5.29067  3.95345    351 d - - -
          2.68618  4.42225  2.77519  2.73123  3.46354  2.40513  3.72494  3.29354  2.67741  2.69355  4.24690  2.90347  2.73739  3.18146  2.89801  2.37887  2.77519  2.98518  4.58477  3.61503
          0.02805  3.98361  4.70596  0.61958  0.77255  0.48576  0.95510
    342   3.05096  5.18162  2.53890  0.87715  4.54225  3.34792  3.94569  4.01835  2.84043  3.61809  4.58829  3.00035  3.95810  3.15972  3.25999  3.02271  3.35640  3.69113  5.69292  4.41646    352 e - - -
          2.68618  4.42225  2.77519  2.73123  3.46354  2.40513  3.72494  3.29354  2.67741  2.69355  4.24690  2.90347  2.73739  3.18146  2.89801  2.37887  2.77519  2.98518  4.58477  3.61503
          0.02805  3.98361  4.70596  0.61958  0.77255  0.48576  0.95510
    343   1.12812  2.80158  3.94141  3.56574  3.96563  3.02199  4.36181  3.04074  3.45849  2.98226  3.93152  3.53633  3.76298  3.73883  3.67832  2.47665  2.71842  2.68766  5.43869  4.25496    353 a - - -
          2.68618  4.42225  2.77519  2.73123  3.46354  2.40513  3.72494  3.29354  2.67741  2.69355  4.24690  2.90347  2.73739  3.18146  2.89801  2.37887  2.77519  2.98518  4.58477  3.61503
          0.02805  3.98361  4.70596  0.61958  0.77255  0.48576  0.95510
    344   2.89628  4.40926  4.27816  3.94572  3.63309  3.83770  4.72879  2.05023  3.81518  2.30149  3.58235  4.11742  4.39274  4.16743  4.01681  3.34900  3.25559  0.89564  5.43597  4.17404    354 v - - -
          2.68618  4.42225  2.77519  2.73123  3.46354  2.40513  3.72494  3.29354  2.67741  2.69355  4.24690  2.90347  2.73739  3.18146  2.89801  2.37887  2.77519  2.98518  4.58477  3.61503
          0.02805  3.98361  4.70596  0.61958  0.77255  0.48576  0.95510
    345   0.94468  4.18613  3.47655  3.26309  4.25266  2.76455  4.31155  3.50766  3.31730  3.33732  4.24434  3.38871  3.74177  3.62597  3.58282  2.48248  2.78459  3.04967  5.62054  4.43149    355 a - - -
          2.68618  4.42225  2.77519  2.73123  3.46354  2.40513  3.72494  3.29354  2.67741  2.69355  4.24690  2.90347  2.73739  3.18146  2.89801  2.37887  2.77519  2.98518  4.58477  3.61503
          0.02805  3.98361  4.70596  0.61958  0.77255  0.48576  0.95510
    346   3.15395  4.49644  4.73126  4.16425  3.14491  4.41483  4.74622  1.67453  4.04127  1.32247  2.14671  4.41733  4.63718  4.18586  4.18772  3.74866  3.38048  1.98826  5.14996  4.06341    356 l - - -
          2.68618  4.42225  2.77519  2.73123  3.46354  2.40513  3.72494  3.29354  2.67741  2.69355  4.24690  2.90347  2.73739  3.18146  2.89801  2.37887  2.77519  2.98518  4.58477  3.61503
          0.02805  3.98361  4.70596  0.61958  0.77255  0.48576  0.95510
    347   2.80810  4.57154  3.50455  3.41857  4.55698  0.57650  4.53118  4.18447  3.61489  3.82441  4.80174  3.66897  3.96620  3.93034  3.83789  2.98335  3.29799  3.69135  5.62189  4.66295    357 G - - -
          2.68618  4.42225  2.77519  2.73123  3.46354  2.40513  3.72494  3.29354  2.67741  2.69355  4.24690  2.90347  2.73739  3.18146  2.89801  2.37887  2.77519  2.98518  4.58477  3.61503
          0.02805  3.98361  4.70596  0.61958  0.77255  0.48576  0.95510
    348   0.86475  4.25027  3.57781  3.37542  4.16530  3.07160  4.38401  3.30763  3.39459  3.18400  4.20452  3.49618  3.82144  3.72578  3.63676  2.60006  2.88517  2.94277  5.58136  4.39428    358 a - - -
          2.68618  4.42225  2.77519  2.73123  3.46354  2.40513  3.72494  3.29354  2.67741  2.69355  4.24690  2.90347  2.73739  3.18146  2.89801  2.37887  2.77519  2.98518  4.58477  3.61503
          0.02805  3.98361  4.70596  0.61958  0.77255  0.48576  0.95510
    349   1.01775  4.15185  3.47151  3.24204  4.20051  2.96003  4.28034  3.44547  3.27594  3.28538  4.19075  3.35834  3.72008  3.58887  3.54517  2.26984  2.73948  2.99248  5.60535  4.37913    359 a - - -
          2.68618  4.42225  2.77519  2.73123  3.46354  2.40513  3.72494  3.29354  2.67741  2.69355  4.24690  2.90347  2.73739  3.18146  2.89801  2.37887  2.77519  2.98518  4.58477  3.61503
          0.02805  3.98361  4.70596  0.61958  0.77255  0.48576  0.95510
    350   3.08628  4.43829  4.69240  4.21653  3.48145  4.35227  4.93389  1.07783  4.07541  1.97505  3.31005  4.44215  4.69554  4.35776  4.27424  3.75246  3.36282  1.55657  5.45903  4.24586    360 i - - -
          2.68618  4.42225  2.77519  2.73123  3.46354  2.40513  3.72494  3.29354  2.67741  2.69355  4.24690  2.90347  2.73739  3.18146  2.89801  2.37887  2.77519  2.98518  4.58477  3.61503
          0.02805  3.98361  4.70596  0.61958  0.77255  0.48576  0.95510
    351   2.97243  4.95938  2.97984  2.73730  4.14243  3.44152  3.89624  3.79116  2.55064  3.28238  4.30808  3.19764  3.99719  1.04873  2.83222  3.01594  3.26977  3.51422  5.39522  4.09669    361 q - - -
          2.68618  4.42225  2.77519  2.73123  3.46354  2.40513  3.72494  3.29354  2.67741  2.69355  4.24690  2.90347  2.73739  3.18146  2.89801  2.37887  2.77519  2.98518  4.58477  3.61503
          0.02805  3.98361  4.70596  0.61958  0.77255  0.48576  0.95510
    352   1.43200  4.17939  3.36444  3.13748  4.32162  1.61474  4.24618  3.68076  3.24778  3.42000  4.27137  3.30192  3.69907  3.52917  3.55192  2.42353  2.73819  3.15318  5.66126  4.46020    362 a - - -
          2.68618  4.42225  2.77519  2.73123  3.46354  2.40513  3.72494  3.29354  2.67741  2.69355  4.24690  2.90347  2.73739  3.18146  2.89801  2.37887  2.77519  2.98518  4.58477  3.61503
          0.02805  3.98361  4.70596  0.61958  0.77255  0.48576  0.95510
    353   1.90821  4.22166  3.28440  3.11323  4.37237  1.19271  4.26779  3.74395  3.26976  3.48418  4.35086  3.29964  3.71865  3.55577  3.56809  2.46132  2.78556  3.21037  5.69777  4.49800    363 g - - -
          2.68618  4.42225  2.77519  2.73123  3.46354  2.40513  3.72494  3.29354  2.67741  2.69355  4.24690  2.90347  2.73739  3.18146  2.89801  2.37887  2.77519  2.98518  4.58477  3.61503
          0.02805  3.98361  4.70596  0.61958  0.77255  0.48576  0.95510
    354   3.01932  4.40050  4.59820  4.12280  3.54940  4.25195  4.87147  1.65612  3.99016  2.09547  3.39070  4.34799  4.63248  4.29169  4.20809  3.64875  3.30544  1.01231  5.47365  4.23970    364 v - - -
          2.68618  4.42225  2.77519  2.73123  3.46354  2.40513  3.72494  3.29354  2.67741  2.69355  4.24690  2.90347  2.73739  3.18146  2.89801  2.37887  2.77519  2.98518  4.58477  3.61503
          0.02805  3.98361  4.70596  0.61958  0.77255  0.48576  0.95510
    355   3.25991  4.63085  4.66636  4.15527  3.11122  4.43738  4.76420  1.91576  3.95036  0.91887  2.96582  4.43185  4.68850  4.18475  4.11512  3.81870  3.50309  2.15546  5.16010  3.98411    365 l - - -
          2.68618  4.42225  2.77519  2.73123  3.46354  2.40513  3.72494  3.29354  2.67741  2.69355  4.24690  2.90347  2.73739  3.18146  2.89801  2.37887  2.77519  2.98518  4.58477  3.61503
          0.02805  3.98361  4.70596  0.61958  0.77255  0.48576  0.95510
    356   1.84146  4.45407  3.03961  2.66041  4.14111  2.42913  3.85234  3.55071  2.46222  3.19025  4.01824  3.06455  3.74918  3.05118  3.11039  2.06673  2.78589  3.14073  5.43820  4.15440    366 a - - -
          2.68618  4.42225  2.77519  2.73123  3.46354  2.40513  3.72494  3.29354  2.67741  2.69355  4.24690  2.90347  2.73739  3.18146  2.89801  2.37887  2.77519  2.98518  4.58477  3.61503
          0.02805  3.98361  4.70596  0.61958  0.77255  0.48576  0.95510
    357   2.80810  4.57154  3.50455  3.41857  4.55698  0.57650  4.53118  4.18447  3.61489  3.82441  4.80174  3.66897  3.96620  3.93034  3.83789  2.98335  3.29799  3.69135  5.62189  4.66295    367 G - - -
          2.68618  4.42225  2.77519  2.73123  3.46354  2.40513  3.72494  3.29354  2.67741  2.69355  4.24690  2.90347  2.73739  3.18146  2.89801  2.37887  2.77519  2.98518  4.58477  3.61503
          0.02805  3.98361  4.70596  0.61958  0.77255  0.48576  0.95510
    358   2.93662  5.47911  1.73118  1.29730  4.76831  3.22587  3.76219  4.27844  2.76543  3.79056  4.64535  2.69526  3.84203  2.92896  3.34786  2.82609  3.22371  3.85985  5.94204  4.45230    368 e - - -
          2.68618  4.42225  2.77519  2.73123  3.46354  2.40513  3.72494  3.29354  2.67741  2.69355  4.24690  2.90347  2.73739  3.18146  2.89801  2.37887  2.77519  2.98518  4.58477  3.61503
          0.02805  3.98361  4.70596  0.61958  0.77255  0.48576  0.95510
    359   3.03391  4.40049  4.63432  4.15226  3.55027  4.29176  4.89619  1.60387  4.02509  2.08660  3.38273  4.37933  4.65612  4.31863  4.24095  3.68471  3.31461  1.02805  5.48267  4.25578    369 v - - -
          2.68619  4.42226  2.77520  2.73124  3.46355  2.40513  3.72495  3.29355  2.67741  2.69356  4.24690  2.90347  2.73740  3.18147  2.89801  2.37887  2.77507  2.98519  4.58478  3.61504
          0.08465  2.62932  4.70596  0.44877  1.01725  0.48576  0.95510
    360   2.71276  5.11849  2.14383  2.26201  4.42428  3.32616  3.38147  3.89336  1.79792  3.41245  4.20915  2.81142  3.80182  2.75828  2.85735  2.45244  2.95730  3.50296  5.57121  4.17734    371 k - - -
          2.68618  4.42225  2.77519  2.73123  3.46354  2.40513  3.72494  3.29354  2.67741  2.69355  4.24690  2.90347  2.73739  3.18146  2.89801  2.37887  2.77519  2.98518  4.58477  3.61503
          0.02805  3.98361  4.70596  0.61958  0.77255  0.48576  0.95510
    361   3.11175  5.25366  0.77085  2.40991  4.64625  3.29733  4.03289  4.26031  3.13867  3.84928  4.83082  2.97147  3.95809  3.27295  3.66919  3.06228  3.45305  3.88800  5.79302  4.50211    372 d - - -
          2.68618  4.42225  2.77519  2.73123  3.46354  2.40513  3.72494  3.29354  2.67741  2.69355  4.24690  2.90347  2.73739  3.18146  2.89801  2.37887  2.77519  2.98518  4.58477  3.61503
          0.02805  3.98361  4.70596  0.61958  0.77255  0.48576  0.95510
    362   3.12635  4.43908  4.78600  4.26298  3.43025  4.47277  4.94521  1.20334  4.14060  1.75966  3.23612  4.50556  4.74177  4.37763  4.33021  3.84132  3.37759  1.49790  5.42033  4.24434    373 i - - -
          2.68618  4.42225  2.77519  2.73123  3.46354  2.40513  3.72494  3.29354  2.67741  2.69355  4.24690  2.90347  2.73739  3.18146  2.89801  2.37887  2.77519  2.98518  4.58477  3.61503
          0.02805  3.98361  4.70596  0.61958  0.77255  0.48576  0.95510
    363   3.04696  4.44678  4.52601  4.02824  3.35214  4.23381  4.71961  1.93393  3.86978  1.49242  3.21685  4.27620  4.58130  4.15107  4.07342  3.61268  3.31671  1.26941  5.27987  4.06692    374 v - - -
          2.68618  4.42225  2.77519  2.73123  3.46354  2.40513  3.72494  3.29354  2.67741  2.69355  4.24690  2.90347  2.73739  3.18146  2.89801  2.37887  2.77519  2.98518  4.58477  3.61503
          0.02805  3.98361  4.70596  0.61958  0.77255  0.48576  0.95510
    364   3.28139  4.71130  4.36758  4.00895  3.18073  4.12257  4.62987  2.39195  3.77559  0.74959  3.17081  4.27360  4.53947  4.11729  3.93307  3.70789  3.57096  2.45794  5.09929  3.84793    375 l - - -
          2.68618  4.42225  2.77519  2.73123  3.46354  2.40513  3.72494  3.29354  2.67741  2.69355  4.24690  2.90347  2.73739  3.18146  2.89801  2.37887  2.77519  2.98518  4.58477  3.61503
          0.02805  3.98361  4.70596  0.61958  0.77255  0.48576  0.95510
    365   3.16401  4.60117  4.49971  4.02852  3.14546  4.24503  4.67453  2.16436  3.81483  0.92553  3.03097  4.28871  4.58534  4.09595  3.99441  3.64931  3.43661  2.05394  5.14975  3.94086    376 l - - -
          2.68618  4.42225  2.77519  2.73123  3.46354  2.40513  3.72494  3.29354  2.67741  2.69355  4.24690  2.90347  2.73739  3.18146  2.89801  2.37887  2.77519  2.98518  4.58477  3.61503
          0.02805  3.98361  4.70596  0.61958  0.77255  0.48576  0.95510
    366   3.11175  5.25366  0.77085  2.40991  4.64625  3.29733  4.03289  4.26031  3.13867  3.84928  4.83082  2.97147  3.95809  3.27295  3.66919  3.06228  3.45305  3.88800  5.79302  4.50211    377 d - - -
          2.68618  4.42225  2.77519  2.73123  3.46354  2.40513  3.72494  3.29354  2.67741  2.69355  4.24690  2.90347  2.73739  3.18146  2.89801  2.37887  2.77519  2.98518  4.58477  3.61503
          0.02805  3.98361  4.70596  0.61958  0.77255  0.48576  0.95510
    367   2.89628  4.40926  4.27816  3.94572  3.63309  3.83770  4.72879  2.05023  3.81518  2.30149  3.58235  4.11742  4.39274  4.16743  4.01681  3.34900  3.25559  0.89564  5.43597  4.17404    378 v - - -
          2.68618  4.42225  2.77519  2.73123  3.46354  2.40513  3.72494  3.29354  2.67741  2.69355  4.24690  2.90347  2.73739  3.18146  2.89801  2.37887  2.77519  2.98518  4.58477  3.61503
          0.02805  3.98361  4.70596  0.61958  0.77255  0.48576  0.95510
    368   2.47535  4.32027  3.52971  3.28819  4.06989  3.15554  4.29665  3.21067  3.23335  3.07019  4.11446  3.47887  3.86845  3.62286  3.48599  2.67798  0.99657  2.89366  5.49791  4.28686    379 t - - -
          2.68618  4.42225  2.77519  2.73123  3.46354  2.40513  3.72494  3.29354  2.67741  2.69355  4.24690  2.90347  2.73739  3.18146  2.89801  2.37887  2.77519  2.98518  4.58477  3.61503
          0.02805  3.98361  4.70596  0.61958  0.77255  0.48576  0.95510
    369   2.90436  4.64219  3.52371  3.37950  4.36354  3.32345  4.44707  3.93846  3.44649  3.55289  4.60813  3.67456  0.64467  3.83189  3.67865  3.07554  3.35487  3.57101  5.51873  4.48603    380 P - - -
          2.68618  4.42225  2.77519  2.73123  3.46354  2.40513  3.72494  3.29354  2.67741  2.69355  4.24690  2.90347  2.73739  3.18146  2.89801  2.37887  2.77519  2.98518  4.58477  3.61503
          0.02805  3.98361  4.70596  0.61958  0.77255  0.48576  0.95510
    370   3.28139  4.71130  4.36758  4.00895  3.18073  4.12257  4.62987  2.39195  3.77559  0.74959  3.17081  4.27360  4.53947  4.11729  3.93307  3.70789  3.57096  2.45794  5.09929  3.84793    381 l - - -
          2.68618  4.42225  2.77519  2.73123  3.46354  2.40513  3.72494  3.29354  2.67741  2.69355  4.24690  2.90347  2.73739  3.18146  2.89801  2.37887  2.77519  2.98518  4.58477  3.61503
          0.02805  3.98361  4.70596  0.61958  0.77255  0.48576  0.95510
    371   2.26862  4.20583  3.37280  3.05656  4.16998  2.99950  4.12797  3.51266  3.06444  3.25544  4.11706  3.26823  3.71508  3.39450  3.38167  1.61886  1.63645  3.05301  5.53286  4.29621    382 s - - -
          2.68618  4.42225  2.77519  2.73123  3.46354  2.40513  3.72494  3.29354  2.67741  2.69355  4.24690  2.90347  2.73739  3.18146  2.89801  2.37887  2.77519  2.98518  4.58477  3.61503
          0.02805  3.98361  4.70596  0.61958  0.77255  0.48576  0.95510
    372   3.26181  4.66967  4.57659  4.06969  3.07082  4.37284  4.68352  2.20741  3.82096  0.85664  2.75053  4.35505  4.64300  4.09494  3.99072  3.75982  3.50797  2.30609  5.10988  3.92350    383 l - - -
          2.68618  4.42225  2.77519  2.73123  3.46354  2.40513  3.72494  3.29354  2.67741  2.69355  4.24690  2.90347  2.73739  3.18146  2.89801  2.37887  2.77519  2.98518  4.58477  3.61503
          0.02805  3.98361  4.70596  0.61958  0.77255  0.48576  0.95510
    373   2.30506  4.25846  3.16353  3.02150  4.38090  1.15012  4.22654  3.87346  3.22140  3.55805  4.40600  3.24725  3.71743  3.50980  3.53178  2.16061  2.80224  3.30133  5.69898  4.46073    384 g - - -
          2.68618  4.42225  2.77519  2.73123  3.46354  2.40513  3.72494  3.29354  2.67741  2.69355  4.24690  2.90347  2.73739  3.18146  2.89801  2.37887  2.77519  2.98518  4.58477  3.61503
          0.02805  3.98361  4.70596  0.61958  0.77255  0.48576  0.95510
    374   3.08716  4.42630  4.72597  4.24043  3.50349  4.38200  4.95858  1.11619  4.11109  1.99561  3.32142  4.46605  4.71251  4.38443  4.31069  3.77615  3.35933  1.46342  5.47985  4.27352    385 i - - -
          2.68618  4.42225  2.77519  2.73123  3.46354  2.40513  3.72494  3.29354  2.67741  2.69355  4.24690  2.90347  2.73739  3.18146  2.89801  2.37887  2.77519  2.98518  4.58477  3.61503
          0.02805  3.98361  4.70596  0.61958  0.77255  0.48576  0.95510
    375   2.93473  5.34711  2.13107  1.11326  4.65675  3.25341  3.78987  4.13978  2.75199  3.69819  4.57440  2.76096  3.86309  2.96667  3.27984  2.85196  3.22485  3.75343  5.84133  4.40866    386 e - - -
          2.68618  4.42225  2.77519  2.73123  3.46354  2.40513  3.72494  3.29354  2.67741  2.69355  4.24690  2.90347  2.73739  3.18146  2.89801  2.37887  2.77519  2.98518  4.58477  3.61503
          0.02805  3.98361  4.70596  0.61958  0.77255  0.48576  0.95510
    376   2.50031  4.24641  3.76596  3.34304  3.74717  3.36198  4.25454  2.50753  3.24305  2.59168  3.66885  3.56030  3.97609  3.58568  3.52472  2.77091  1.60329  1.81950  5.32703  4.09741    387 t - - -
          2.68618  4.42225  2.77519  2.73123  3.46354  2.40513  3.72494  3.29354  2.67741  2.69355  4.24690  2.90347  2.73739  3.18146  2.89801  2.37887  2.77519  2.98518  4.58477  3.61503
          0.02805  3.98361  4.70596  0.61958  0.77255  0.48576  0.95510
    377   2.83354  4.61112  3.47167  2.96714  3.60461  3.65603  3.86832  2.85844  2.02523  1.55501  3.57298  3.36738  4.06616  3.12932  2.78930  3.01145  3.07013  2.71558  5.10042  3.83963    388 l - - -
          2.68618  4.42225  2.77519  2.73123  3.46354  2.40513  3.72494  3.29354  2.67741  2.69355  4.24690  2.90347  2.73739  3.18146  2.89801  2.37887  2.77519  2.98518  4.58477  3.61503
          0.02805  3.98361  4.70596  0.61958  0.77255  0.48576  0.95510
    378   2.80810  4.57154  3.50455  3.41857  4.55698  0.57650  4.53118  4.18447  3.61489  3.82441  4.80174  3.66897  3.96620  3.93034  3.83789  2.98335  3.29799  3.69135  5.62189  4.66295    389 G - - -
          2.68618  4.42225  2.77519  2.73123  3.46354  2.40513  3.72494  3.29354  2.67741  2.69355  4.24690  2.90347  2.73739  3.18146  2.89801  2.37887  2.77519  2.98518  4.58477  3.61503
          0.02805  3.98361  4.70596  0.61958  0.77255  0.48576  0.95510
    379   2.47469  4.43850  2.97783  2.86178  4.37216  1.07202  4.14873  3.92908  3.11464  3.58783  4.45837  2.82166  3.78723  3.42274  3.45075  2.60930  2.94019  3.40832  5.65002  4.39485    390 g - - -
          2.68618  4.42225  2.77519  2.73123  3.46354  2.40513  3.72494  3.29354  2.67741  2.69355  4.24690  2.90347  2.73739  3.18146  2.89801  2.37887  2.77519  2.98518  4.58477  3.61503
          0.02805  3.98361  4.70596  0.61958  0.77255  0.48576  0.95510
    380   3.11959  4.43400  4.77867  4.24258  3.37763  4.45865  4.89655  1.46770  4.12844  1.54118  3.18136  4.48390  4.71571  4.33925  4.30760  3.81602  3.36422  1.41563  5.35825  4.20381    391 v - - -
          2.68618  4.42225  2.77519  2.73123  3.46354  2.40513  3.72494  3.29354  2.67741  2.69355  4.24690  2.90347  2.73739  3.18146  2.89801  2.37887  2.77519  2.98518  4.58477  3.61503
          0.02805  3.98361  4.70596  0.61958  0.77255  0.48576  0.95510
    381   2.05821  4.25303  3.57192  3.01225  2.52881  3.56866  3.85817  2.66809  2.91775  2.35479  3.02063  3.37741  3.96384  3.23419  2.90958  2.84066  2.82809  2.47693  4.82447  3.57287    392 a - - -
          2.68618  4.42225  2.77519  2.73123  3.46354  2.40513  3.72494  3.29354  2.67741  2.69355  4.24690  2.90347  2.73739  3.18146  2.89801  2.37887  2.77519  2.98518  4.58477  3.61503
          0.02805  3.98361  4.70596  0.61958  0.77255  0.48576  0.95510
    382   2.67072  4.80310  2.70200  1.82371  4.21709  3.29570  3.76938  3.52868  2.59028  3.21713  4.09564  2.94512  3.83782  2.95088  3.00764  2.71310  1.86026  3.20140  5.49331  4.16252    393 e - - -
          2.68618  4.42225  2.77519  2.73123  3.46354  2.40513  3.72494  3.29354  2.67741  2.69355  4.24690  2.90347  2.73739  3.18146  2.89801  2.37887  2.77519  2.98518  4.58477  3.61503
          0.02805  3.98361  4.70596  0.61958  0.77255  0.48576  0.95510
    383   2.75124  4.86663  3.11004  2.60662  4.25768  3.45234  3.65998  3.65731  2.10988  3.21496  4.06508  3.06344  2.21717  2.81707  1.89482  2.78951  2.99295  3.32646  5.38015  4.11974    394 r - - -
          2.68618  4.42225  2.77519  2.73123  3.46354  2.40513  3.72494  3.29354  2.67741  2.69355  4.24690  2.90347  2.73739  3.18146  2.89801  2.37887  2.77519  2.98518  4.58477  3.61503
          0.02805  3.98361  4.70596  0.61958  0.77255  0.48576  0.95510
    384   3.25972  4.63645  4.64990  4.14293  3.10619  4.42508  4.75170  1.95117  3.93200  0.90702  2.96730  4.41973  4.68211  4.17375  4.09790  3.80939  3.50456  2.17152  5.15200  3.96870    395 l - - -
          2.68618  4.42225  2.77519  2.73123  3.46354  2.40513  3.72494  3.29354  2.67741  2.69355  4.24690  2.90347  2.73739  3.18146  2.89801  2.37887  2.77519  2.98518  4.58477  3.61503
          0.02805  3.98361  4.70596  0.61958  0.77255  0.48576  0.95510
    385   3.11808  4.50739  4.49119  4.11206  3.45080  4.18456  4.82046  0.95007  3.94231  2.01533  3.37011  4.34193  4.60609  4.27983  4.12629  3.69152  3.41569  1.85467  5.36384  4.11099    396 i - - -
          2.68618  4.42225  2.77519  2.73123  3.46354  2.40513  3.72494  3.29354  2.67741  2.69355  4.24690  2.90347  2.73739  3.18146  2.89801  2.37887  2.77519  2.98518  4.58477  3.61503
          0.02805  3.98361  4.70596  0.61958  0.77255  0.48576  0.95510
    386   2.75924  5.22969  2.20173  1.65043  4.52765  3.28021  3.65803  4.00684  2.52206  3.52024  4.32188  2.75115  2.76382  2.56134  3.04124  2.69640  3.01534  3.60274  5.68910  4.25651    397 e - - -
          2.68618  4.42225  2.77519  2.73123  3.46354  2.40513  3.72494  3.29354  2.67741  2.69355  4.24690  2.90347  2.73739  3.18146  2.89801  2.37887  2.77519  2.98518  4.58477  3.61503
          0.02805  3.98361  4.70596  0.61958  0.77255  0.48576  0.95510
    387   2.48477  4.99082  3.25430  2.65873  4.39656  3.54452  3.61515  3.75594  1.71466  3.27607  4.12541  3.10038  3.94034  2.75619  1.65126  2.86976  3.05809  3.43016  5.40240  4.17565    398 r - - -
          2.68618  4.42225  2.77519  2.73123  3.46354  2.40513  3.72494  3.29354  2.67741  2.69355  4.24690  2.90347  2.73739  3.18146  2.89801  2.37887  2.77519  2.98518  4.58477  3.61503
          0.02805  3.98361  4.70596  0.61958  0.77255  0.48576  0.95510
    388   2.81838  4.81683  2.77457  2.67179  4.19807  3.26073  4.01503  3.93345  2.92862  3.56800  4.52337  0.97539  3.91851  3.28883  3.28632  2.88187  3.20443  3.54438  5.49133  4.13907    399 n - - -
          2.68618  4.42225  2.77519  2.73123  3.46354  2.40513  3.72494  3.29354  2.67741  2.69355  4.24690  2.90347  2.73739  3.18146  2.89801  2.37887  2.77519  2.98518  4.58477  3.61503
          0.02805  3.98361  4.70596  0.61958  0.77255  0.48576  0.95510
    389   2.47535  4.32027  3.52971  3.28819  4.06989  3.15554  4.29665  3.21067  3.23335  3.07019  4.11446  3.47887  3.86845  3.62286  3.48599  2.67798  0.99657  2.89366  5.49791  4.28686    400 t - - -
          2.68618  4.42225  2.77519  2.73123  3.46354  2.40513  3.72494  3.29354  2.67741  2.69355  4.24690  2.90347  2.73739  3.18146  2.89801  2.37887  2.77519  2.98518  4.58477  3.61503
          0.02805  3.98361  4.70596  0.61958  0.77255  0.48576  0.95510
    390   2.13288  4.20823  3.49235  3.20803  4.09489  3.06185  4.23326  3.16467  3.17302  3.07019  4.04177  3.37919  3.78292  3.52757  3.45072  2.52563  1.22281  2.81221  5.53614  4.31515    401 t - - -
          2.68618  4.42225  2.77519  2.73123  3.46354  2.40513  3.72494  3.29354  2.67741  2.69355  4.24690  2.90347  2.73739  3.18146  2.89801  2.37887  2.77519  2.98518  4.58477  3.61503
          0.02805  3.98361  4.70596  0.61958  0.77255  0.48576  0.95510
    391   3.11808  4.50739  4.49119  4.11206  3.45080  4.18456  4.82046  0.95007  3.94231  2.01533  3.37011  4.34193  4.60609  4.27983  4.12629  3.69152  3.41569  1.85467  5.36384  4.11099    402 i - - -
          2.68618  4.42225  2.77519  2.73123  3.46354  2.40513  3.72494  3.29354  2.67741  2.69355  4.24690  2.90347  2.73739  3.18146  2.89801  2.37887  2.77519  2.98518  4.58477  3.61503
          0.02805  3.98361  4.70596  0.61958  0.77255  0.48576  0.95510
    392   2.90436  4.64219  3.52371  3.37950  4.36354  3.32345  4.44707  3.93846  3.44649  3.55289  4.60813  3.67456  0.64467  3.83189  3.67865  3.07554  3.35487  3.57101  5.51873  4.48603    403 P - - -
          2.68618  4.42225  2.77519  2.73123  3.46354  2.40513  3.72494  3.29354  2.67741  2.69355  4.24690  2.90347  2.73739  3.18146  2.89801  2.37887  2.77519  2.98518  4.58477  3.61503
          0.02805  3.98361  4.70596  0.61958  0.77255  0.48576  0.95510
    393   2.44916  4.24418  3.69116  3.29427  3.81467  3.26996  4.23139  2.67759  3.19254  2.68605  3.75123  3.50034  3.91564  3.54778  3.47480  2.69244  1.42021  2.11003  5.36645  4.13054    404 t - - -
          2.68618  4.42225  2.77519  2.73123  3.46354  2.40513  3.72494  3.29354  2.67741  2.69355  4.24690  2.90347  2.73739  3.18146  2.89801  2.37887  2.77519  2.98518  4.58477  3.61503
          0.02805  3.98361  4.70596  0.61958  0.77255  0.48576  0.95510
    394   2.71196  5.01006  2.94973  2.15850  4.34463  3.43670  3.58446  3.76132  1.93354  3.28192  4.08642  2.93860  3.83905  2.71194  2.09858  2.49342  2.75178  3.40117  5.43263  4.11717    405 k - - -
          2.68618  4.42225  2.77519  2.73123  3.46354  2.40513  3.72494  3.29354  2.67741  2.69355  4.24690  2.90347  2.73739  3.18146  2.89801  2.37887  2.77519  2.98518  4.58477  3.61503
          0.02805  3.98361  4.70596  0.61958  0.77255  0.48576  0.95510
    395   2.51508  5.04945  2.80143  2.15837  4.41101  3.41447  3.64115  3.79521  1.51985  3.34325  4.17859  2.93751  3.87259  2.78410  2.57560  2.77927  3.02431  3.44690  5.50314  4.19431    406 k - - -
          2.68618  4.42225  2.77519  2.73123  3.46354  2.40513  3.72494  3.29354  2.67741  2.69355  4.24690  2.90347  2.73739  3.18146  2.89801  2.37887  2.77519  2.98518  4.58477  3.61503
          0.02805  3.98361  4.70596  0.61958  0.77255  0.48576  0.95510
    396   2.29010  4.24245  3.23645  3.04336  4.32167  2.67322  4.19937  3.80928  3.16888  3.49632  4.34235  3.25785  3.71337  3.47771  3.47855  1.04529  2.77962  3.25588  5.64937  4.40334    407 s - - -
          2.68618  4.42225  2.77519  2.73123  3.46354  2.40513  3.72494  3.29354  2.67741  2.69355  4.24690  2.90347  2.73739  3.18146  2.89801  2.37887  2.77519  2.98518  4.58477  3.61503
          0.02805  3.98361  4.70596  0.61958  0.77255  0.48576  0.95510
    397   2.91347  5.12451  3.00086  2.56095  4.48589  3.51229  3.62981  3.90022  1.61003  3.38192  4.24171  3.03448  3.94247  1.79220  2.34177  2.89784  3.12111  3.56447  5.47951  4.21972    408 k - - -
          2.68618  4.42225  2.77519  2.73123  3.46354  2.40513  3.72494  3.29354  2.67741  2.69355  4.24690  2.90347  2.73739  3.18146  2.89801  2.37887  2.77519  2.98518  4.58477  3.61503
          0.02805  3.98361  4.70596  0.61958  0.77255  0.48576  0.95510
    398   3.07916  4.40486  4.75511  4.26078  3.54376  4.40627  4.98084  1.28267  4.14539  2.04779  3.35377  4.48444  4.72674  4.41356  4.34746  3.79415  3.34735  1.22585  5.50725  4.30145    409 v - - -
          2.68618  4.42225  2.77519  2.73123  3.46354  2.40513  3.72494  3.29354  2.67741  2.69355  4.24690  2.90347  2.73739  3.18146  2.89801  2.37887  2.77519  2.98518  4.58477  3.61503
          0.02805  3.98361  4.70596  0.61958  0.77255  0.48576  0.95510
    399   3.40224  4.77177  4.39105  4.12758  0.84602  4.06412  3.93033  2.91328  4.03205  2.25819  3.62763  4.14563  4.52093  4.16965  4.12429  3.66584  3.70380  2.91197  4.14822  2.50203    410 f - - -
          2.68618  4.42225  2.77519  2.73123  3.46354  2.40513  3.72494  3.29354  2.67741  2.69355  4.24690  2.90347  2.73739  3.18146  2.89801  2.37887  2.77519  2.98518  4.58477  3.61503
          0.02805  3.98361  4.70596  0.61958  0.77255  0.48576  0.95510
    400   2.27100  4.20451  3.37761  3.06337  4.16044  3.00241  4.13080  3.49651  3.06830  3.24516  4.11014  3.27293  3.71792  3.40007  3.38265  1.73129  1.53463  3.04239  5.52683  4.29073    411 t - - -
          2.68618  4.42225  2.77519  2.73123  3.46354  2.40513  3.72494  3.29354  2.67741  2.69355  4.24690  2.90347  2.73739  3.18146  2.89801  2.37887  2.77519  2.98518  4.58477  3.61503
          0.02805  3.98361  4.70596  0.61958  0.77255  0.48576  0.95510
    401   2.47535  4.32027  3.52971  3.28819  4.06989  3.15554  4.29665  3.21067  3.23335  3.07019  4.11446  3.47887  3.86845  3.62286  3.48599  2.67798  0.99657  2.89366  5.49791  4.28686    412 t - - -
          2.68618  4.42225  2.77519  2.73123  3.46354  2.40513  3.72494  3.29354  2.67741  2.69355  4.24690  2.90347  2.73739  3.18146  2.89801  2.37887  2.77519  2.98518  4.58477  3.61503
          0.02805  3.98361  4.70596  0.61958  0.77255  0.48576  0.95510
    402   0.86475  4.25027  3.57781  3.37542  4.16530  3.07160  4.38401  3.30763  3.39459  3.18400  4.20452  3.49618  3.82144  3.72578  3.63676  2.60006  2.88517  2.94277  5.58136  4.39428    413 a - - -
          2.68618  4.42225  2.77519  2.73123  3.46354  2.40513  3.72494  3.29354  2.67741  2.69355  4.24690  2.90347  2.73739  3.18146  2.89801  2.37887  2.77519  2.98518  4.58477  3.61503
          0.02805  3.98361  4.70596  0.61958  0.77255  0.48576  0.95510
    403   1.60363  4.55308  2.98555  2.41137  3.93893  3.31806  3.78932  3.24349  2.62969  2.95658  3.84228  3.06349  3.83451  2.87315  3.01627  2.67257  2.86512  2.78080  5.28709  4.00162    414 a - - -
          2.68618  4.42225  2.77519  2.73123  3.46354  2.40513  3.72494  3.29354  2.67741  2.69355  4.24690  2.90347  2.73739  3.18146  2.89801  2.37887  2.77519  2.98518  4.58477  3.61503
          0.02805  3.98361  4.70596  0.61958  0.77255  0.48576  0.95510
    404   2.70607  5.18377  1.05463  2.24399  4.60058  3.20832  3.87856  4.05078  2.93074  3.69380  4.61903  2.80298  3.86359  3.07878  3.48635  2.84230  3.22821  3.66622  5.85999  4.42383    415 d - - -
          2.68618  4.42225  2.77519  2.73123  3.46354  2.40513  3.72494  3.29354  2.67741  2.69355  4.24690  2.90347  2.73739  3.18146  2.89801  2.37887  2.77519  2.98518  4.58477  3.61503
          0.02805  3.98361  4.70596  0.61958  0.77255  0.48576  0.95510
    405   2.58346  4.60202  2.99449  2.59978  3.89065  3.33198  3.76027  3.31080  2.58064  2.99322  3.09588  1.76490  3.83921  2.97508  2.96369  2.56481  2.87942  3.00835  5.24751  3.91313    416 n - - -
          2.68618  4.42225  2.77519  2.73123  3.46354  2.40513  3.72494  3.29354  2.67741  2.69355  4.24690  2.90347  2.73739  3.18146  2.89801  2.37887  2.77519  2.98518  4.58477  3.61503
          0.02805  3.98361  4.70596  0.61958  0.77255  0.48576  0.95510
    406   2.97243  4.95938  2.97984  2.73730  4.14243  3.44152  3.89624  3.79116  2.55064  3.28238  4.30808  3.19764  3.99719  1.04873  2.83222  3.01594  3.26977  3.51422  5.39522  4.09669    417 q - - -
          2.68618  4.42225  2.77519  2.73123  3.46354  2.40513  3.72494  3.29354  2.67741  2.69355  4.24690  2.90347  2.73739  3.18146  2.89801  2.37887  2.77519  2.98518  4.58477  3.61503
          0.02805  3.98361  4.70596  0.61958  0.77255  0.48576  0.95510
    407   2.36283  4.29202  3.30848  2.97723  4.09761  3.09091  4.06632  3.40072  2.96925  3.14066  4.04079  3.25491  2.47209  3.32465  3.29611  2.53012  1.44361  3.00880  5.46349  4.22648    418 t - - -
          2.68618  4.42225  2.77519  2.73123  3.46354  2.40513  3.72494  3.29354  2.67741  2.69355  4.24690  2.90347  2.73739  3.18146  2.89801  2.37887  2.77519  2.98518  4.58477  3.61503
          0.02805  3.98361  4.70596  0.61958  0.77255  0.48576  0.95510
    408   2.13165  4.33981  3.18063  2.80477  4.10882  3.10261  3.94143  3.49135  2.82497  3.16741  4.00953  3.14609  3.73956  2.97817  3.19610  1.57150  2.27075  3.07501  5.43735  4.17763    419 s - - -
          2.68618  4.42225  2.77519  2.73123  3.46354  2.40513  3.72494  3.29354  2.67741  2.69355  4.24690  2.90347  2.73739  3.18146  2.89801  2.37887  2.77519  2.98518  4.58477  3.61503
          0.02805  3.98361  4.70596  0.61958  0.77255  0.48576  0.95510
    409   2.89628  4.40926  4.27816  3.94572  3.63309  3.83770  4.72879  2.05023  3.81518  2.30149  3.58235  4.11742  4.39274  4.16743  4.01681  3.34900  3.25559  0.89564  5.43597  4.17404    420 v - - -
          2.68618  4.42225  2.77519  2.73123  3.46354  2.40513  3.72494  3.29354  2.67741  2.69355  4.24690  2.90347  2.73739  3.18146  2.89801  2.37887  2.77519  2.98518  4.58477  3.61503
          0.02805  3.98361  4.70596  0.61958  0.77255  0.48576  0.95510
    410   2.69905  5.10965  2.44621  1.84737  4.40617  3.31114  3.62914  3.86660  2.44720  3.39744  4.19342  2.54460  3.79174  2.44865  2.94005  2.65959  2.39834  3.47931  5.57645  4.17405    421 e - - -
          2.68618  4.42225  2.77519  2.73123  3.46354  2.40513  3.72494  3.29354  2.67741  2.69355  4.24690  2.90347  2.73739  3.18146  2.89801  2.37887  2.77519  2.98518  4.58477  3.61503
          0.02805  3.98361  4.70596  0.61958  0.77255  0.48576  0.95510
    411   3.08646  4.43716  4.69592  4.21896  3.48352  4.35539  4.93646  1.08079  4.07905  1.97670  3.31089  4.44464  4.69730  4.36039  4.27798  3.75491  3.36253  1.54834  5.46115  4.24884    422 i - - -
          2.68618  4.42225  2.77519  2.73123  3.46354  2.40513  3.72494  3.29354  2.67741  2.69355  4.24690  2.90347  2.73739  3.18146  2.89801  2.37887  2.77519  2.98518  4.58477  3.61503
          0.02805  3.98361  4.70596  0.61958  0.77255  0.48576  0.95510
    412   2.89316  4.95421  3.20896  2.70099  3.95130  3.55122  1.83398  3.70711  2.15098  3.22443  4.11367  3.13877  3.97199  2.84967  1.92351  2.92261  3.10981  3.40496  5.18257  3.82063    423 h - - -
          2.68618  4.42225  2.77519  2.73123  3.46354  2.40513  3.72494  3.29354  2.67741  2.69355  4.24690  2.90347  2.73739  3.18146  2.89801  2.37887  2.77519  2.98518  4.58477  3.61503
          0.02805  3.98361  4.70596  0.61958  0.77255  0.48576  0.95510
    413   2.96946  4.39745  4.49393  4.04698  3.55121  4.12236  4.80468  1.78182  3.89852  2.13175  3.42365  4.25792  4.55709  4.22325  4.11772  3.53601  3.27588  0.98644  5.44923  4.19271    424 v - - -
          2.68618  4.42225  2.77519  2.73123  3.46354  2.40513  3.72494  3.29354  2.67741  2.69355  4.24690  2.90347  2.73739  3.18146  2.89801  2.37887  2.77519  2.98518  4.58477  3.61503
          0.02805  3.98361  4.70596  0.61958  0.77255  0.48576  0.95510
    414   3.06429  4.42679  4.62772  4.06567  2.30042  4.28252  4.54820  2.01840  3.94873  1.34301  2.98502  4.28302  4.54190  4.09415  4.09308  3.60894  3.29377  1.75034  4.96658  3.75556    425 l - - -
          2.68618  4.42225  2.77519  2.73123  3.46354  2.40513  3.72494  3.29354  2.67741  2.69355  4.24690  2.90347  2.73739  3.18146  2.89801  2.37887  2.77519  2.98518  4.58477  3.61503
          0.02805  3.98361  4.70596  0.61958  0.77255  0.48576  0.95510
    415   2.97243  4.95938  2.97984  2.73730  4.14243  3.44152  3.89624  3.79116  2.55064  3.28238  4.30808  3.19764  3.99719  1.04873  2.83222  3.01594  3.26977  3.51422  5.39522  4.09669    426 q - - -
          2.68618  4.42225  2.77519  2.73123  3.46354  2.40513  3.72494  3.29354  2.67741  2.69355  4.24690  2.90347  2.73739  3.18146  2.89801  2.37887  2.77519  2.98518  4.58477  3.61503
          0.02805  3.98361  4.70596  0.61958  0.77255  0.48576  0.95510
    416   2.80810  4.57154  3.50455  3.41857  4.55698  0.57650  4.53118  4.18447  3.61489  3.82441  4.80174  3.66897  3.96620  3.93034  3.83789  2.98335  3.29799  3.69135  5.62189  4.66295    427 G - - -
          2.68618  4.42225  2.77519  2.73123  3.46354  2.40513  3.72494  3.29354  2.67741  2.69355  4.24690  2.90347  2.73739  3.18146  2.89801  2.37887  2.77519  2.98518  4.58477  3.61503
          0.02805  3.98361  4.70596  0.61958  0.77255  0.48576  0.95510
    417   3.05096  5.18162  2.53890  0.87715  4.54225  3.34792  3.94569  4.01835  2.84043  3.61809  4.58829  3.00035  3.95810  3.15972  3.25999  3.02271  3.35640  3.69113  5.69292  4.41646    428 e - - -
          2.68618  4.42225  2.77519  2.73123  3.46354  2.40513  3.72494  3.29354  2.67741  2.69355  4.24690  2.90347  2.73739  3.18146  2.89801  2.37887  2.77519  2.98518  4.58477  3.61503
          0.02805  3.98361  4.70596  0.61958  0.77255  0.48576  0.95510
    418   3.13361  4.96309  3.63588  3.12503  4.34594  3.59904  3.90916  3.89615  2.28828  3.39194  4.39008  3.47584  4.09698  3.12471  0.82131  3.21294  3.39249  3.61552  5.38442  4.25006    429 r - - -
          2.68618  4.42225  2.77519  2.73123  3.46354  2.40513  3.72494  3.29354  2.67741  2.69355  4.24690  2.90347  2.73739  3.18146  2.89801  2.37887  2.77519  2.98518  4.58477  3.61503
          0.02805  3.98361  4.70596  0.61958  0.77255  0.48576  0.95510
    419   2.66733  4.90271  2.57949  1.90866  4.35445  2.47230  3.73611  3.79681  2.59324  3.37672  4.20410  2.86592  2.29397  2.90154  3.05895  2.67602  2.96516  3.40949  5.57734  4.21692    430 e - - -
          2.68618  4.42225  2.77519  2.73123  3.46354  2.40513  3.72494  3.29354  2.67741  2.69355  4.24690  2.90347  2.73739  3.18146  2.89801  2.37887  2.77519  2.98518  4.58477  3.61503
          0.02805  3.98361  4.70596  0.61958  0.77255  0.48576  0.95510
    420   3.14669  4.48411  4.73831  4.17532  3.17880  4.42036  4.76489  1.49843  4.04980  1.42267  2.26681  4.42564  4.64806  4.20696  4.20056  3.75757  3.37592  1.94994  5.17784  4.07973    431 l - - -
          2.68618  4.42225  2.77519  2.73123  3.46354  2.40513  3.72494  3.29354  2.67741  2.69355  4.24690  2.90347  2.73739  3.18146  2.89801  2.37887  2.77519  2.98518  4.58477  3.61503
          0.02805  3.98361  4.70596  0.61958  0.77255  0.48576  0.95510
    421   1.03803  4.16058  3.54571  3.29096  4.16109  3.00255  4.30501  3.23923  3.28786  3.14908  4.11050  3.40220  3.75275  3.61159  3.55250  2.47670  2.53285  2.85274  5.60136  4.39278    432 a - - -
          2.68618  4.42225  2.77519  2.73123  3.46354  2.40513  3.72494  3.29354  2.67741  2.69355  4.24690  2.90347  2.73739  3.18146  2.89801  2.37887  2.77519  2.98518  4.58477  3.61503
          0.02805  3.98361  4.70596  0.61958  0.77255  0.48576  0.95510
    422   2.53095  4.85054  2.85417  2.14859  4.12314  3.37730  3.61291  3.54279  2.15029  3.12932  3.94245  2.90556  3.79809  2.75992  2.81803  2.14035  2.73900  3.20619  5.35157  3.69483    433 s - - -
          2.68618  4.42225  2.77519  2.73123  3.46354  2.40513  3.72494  3.29354  2.67741  2.69355  4.24690  2.90347  2.73739  3.18146  2.89801  2.37887  2.77519  2.98518  4.58477  3.61503
          0.02805  3.98361  4.70596  0.61958  0.77255  0.48576  0.95510
    423   2.72257  5.43707  1.56027  1.54834  4.73556  3.22463  3.73969  4.22616  2.72705  3.74371  4.58481  2.69057  3.82845  2.90034  3.30758  2.79196  3.17802  3.80754  5.91510  4.42327    434 e - - -
          2.68618  4.42225  2.77519  2.73123  3.46354  2.40513  3.72494  3.29354  2.67741  2.69355  4.24690  2.90347  2.73739  3.18146  2.89801  2.37887  2.77519  2.98518  4.58477  3.61503
          0.02805  3.98361  4.70596  0.61958  0.77255  0.48576  0.95510
    424   2.80907  5.03949  2.27218  2.31798  4.41416  3.22358  3.83861  4.00738  2.79098  3.60328  4.48348  1.25833  3.85202  3.04236  3.26731  2.79450  3.14296  3.60559  5.68059  4.26067    435 n - - -
          2.68618  4.42225  2.77519  2.73123  3.46354  2.40513  3.72494  3.29354  2.67741  2.69355  4.24690  2.90347  2.73739  3.18146  2.89801  2.37887  2.77519  2.98518  4.58477  3.61503
          0.02805  3.98361  4.70596  0.61958  0.77255  0.48576  0.95510
    425   2.60445  4.68425  3.03339  2.16760  3.91792  3.43356  3.65074  3.10159  2.14729  2.92529  3.77742  3.00217  3.83353  2.82656  2.84165  2.67245  2.63880  2.48793  5.21954  3.91710    436 k - - -
          2.68618  4.42225  2.77519  2.73123  3.46354  2.40513  3.72494  3.29354  2.67741  2.69355  4.24690  2.90347  2.73739  3.18146  2.89801  2.37887  2.77519  2.98518  4.58477  3.61503
          0.02805  3.98361  4.70596  0.61958  0.77255  0.48576  0.95510
    426   2.45865  4.30187  3.39880  2.92739  3.70923  3.29881  3.92192  2.96322  2.85434  2.17280  3.66641  3.26962  3.84719  3.20752  3.19321  2.00182  2.17015  2.69169  5.14639  3.89398    437 s - - -
          2.68618  4.42225  2.77519  2.73123  3.46354  2.40513  3.72494  3.29354  2.67741  2.69355  4.24690  2.90347  2.73739  3.18146  2.89801  2.37887  2.77519  2.98518  4.58477  3.61503
          0.02805  3.98361  4.70596  0.61958  0.77255  0.48576  0.95510
    427   3.28139  4.71130  4.36758  4.00895  3.18073  4.12257  4.62987  2.39195  3.77559  0.74959  3.17081  4.27360  4.53947  4.11729  3.93307  3.70789  3.57096  2.45794  5.09929  3.84793    438 l - - -
          2.68618  4.42225  2.77519  2.73123  3.46354  2.40513  3.72494  3.29354  2.67741  2.69355  4.24690  2.90347  2.73739  3.18146  2.89801  2.37887  2.77519  2.98518  4.58477  3.61503
          0.02805  3.98361  4.70596  0.61958  0.77255  0.48576  0.95510
    428   2.80810  4.57154  3.50455  3.41857  4.55698  0.57650  4.53118  4.18447  3.61489  3.82441  4.80174  3.66897  3.96620  3.93034  3.83789  2.98335  3.29799  3.69135  5.62189  4.66295    439 G - - -
          2.68618  4.42225  2.77519  2.73123  3.46354  2.40513  3.72494  3.29354  2.67741  2.69355  4.24690  2.90347  2.73739  3.18146  2.89801  2.37887  2.77519  2.98518  4.58477  3.61503
          0.02805  3.98361  4.70596  0.61958  0.77255  0.48576  0.95510
    429   2.42633  4.78333  2.79710  2.31833  4.03757  3.39453  3.60643  3.44908  2.37837  3.05032  3.29066  2.93104  3.79522  2.75761  2.26280  2.45967  2.82021  3.12498  5.28836  3.95878    440 r - - -
          2.68618  4.42225  2.77519  2.73123  3.46354  2.40513  3.72494  3.29354  2.67741  2.69355  4.24690  2.90347  2.73739  3.18146  2.89801  2.37887  2.77519  2.98518  4.58477  3.61503
          0.02805  3.98361  4.70596  0.61958  0.77255  0.48576  0.95510
    430   3.40224  4.77177  4.39105  4.12758  0.84602  4.06412  3.93033  2.91328  4.03205  2.25819  3.62763  4.14563  4.52093  4.16965  4.12429  3.66584  3.70380  2.91197  4.14822  2.50203    441 f - - -
          2.68618  4.42225  2.77519  2.73123  3.46354  2.40513  3.72494  3.29354  2.67741  2.69355  4.24690  2.90347  2.73739  3.18146  2.89801  2.37887  2.77519  2.98518  4.58477  3.61503
          0.02805  3.98361  4.70596  0.61958  0.77255  0.48576  0.95510
    431   2.52254  4.73053  2.97736  2.44389  3.96919  3.40136  3.18246  3.19315  2.40778  2.99437  3.82017  2.51055  3.80209  2.51363  2.84435  2.62820  2.47104  2.95642  5.24573  3.92461    442 k - - -
          2.68618  4.42225  2.77519  2.73123  3.46354  2.40513  3.72494  3.29354  2.67741  2.69355  4.24690  2.90347  2.73739  3.18146  2.89801  2.37887  2.77519  2.98518  4.58477  3.61503
          0.02805  3.98361  4.70596  0.61958  0.77255  0.48576  0.95510
    432   3.28139  4.71130  4.36758  4.00895  3.18073  4.12257  4.62987  2.39195  3.77559  0.74959  3.17081  4.27360  4.53947  4.11729  3.93307  3.70789  3.57096  2.45794  5.09929  3.84793    443 l - - -
          2.68618  4.42225  2.77519  2.73123  3.46354  2.40513  3.72494  3.29354  2.67741  2.69355  4.24690  2.90347  2.73739  3.18146  2.89801  2.37887  2.77519  2.98518  4.58477  3.61503
          0.02805  3.98361  4.70596  0.61958  0.77255  0.48576  0.95510
    433   2.47627  4.61751  2.44553  2.50740  3.93377  3.35491  3.68735  3.09778  2.53147  2.95936  3.80268  2.99598  3.80088  2.86755  2.97645  2.42645  2.28499  2.73955  5.25172  3.94153    444 t - - -
          2.68618  4.42225  2.77519  2.73123  3.46354  2.40513  3.72494  3.29354  2.67741  2.69355  4.24690  2.90347  2.73739  3.18146  2.89801  2.37887  2.77519  2.98518  4.58477  3.61503
          0.02805  3.98361  4.70596  0.61958  0.77255  0.48576  0.95510
    434   2.70812  4.78298  2.20498  2.51750  4.50038  1.18513  3.99745  4.01077  3.00961  3.62924  4.50439  3.00409  3.84193  3.22310  3.47168  2.76080  3.09964  3.56160  5.71468  4.42908    445 g - - -
          2.68618  4.42225  2.77519  2.73123  3.46354  2.40513  3.72494  3.29354  2.67741  2.69355  4.24690  2.90347  2.73739  3.18146  2.89801  2.37887  2.77519  2.98518  4.58477  3.61503
          0.02805  3.98361  4.70596  0.61958  0.77255  0.48576  0.95510
    435   3.16050  4.50194  4.68566  4.19679  3.33352  4.41642  4.85391  1.10709  4.01275  1.68292  3.19661  4.44614  4.71134  4.29591  4.19730  3.81098  3.41861  1.79794  5.32398  4.09914    446 i - - -
          2.68618  4.42225  2.77519  2.73123  3.46354  2.40513  3.72494  3.29354  2.67741  2.69355  4.24690  2.90347  2.73739  3.18146  2.89801  2.37887  2.77519  2.98518  4.58477  3.61503
          0.02805  3.98361  4.70596  0.61958  0.77255  0.48576  0.95510
    436   2.12009  4.32727  3.24863  3.02864  4.21307  3.06947  4.16908  3.54067  3.09202  3.27101  4.21078  3.29109  1.27865  3.44474  3.39755  2.56820  2.86170  3.12455  5.56886  4.34008    447 p - - -
          2.68618  4.42225  2.77519  2.73123  3.46354  2.40513  3.72494  3.29354  2.67741  2.69355  4.24690  2.90347  2.73739  3.18146  2.89801  2.37887  2.77519  2.98518  4.58477  3.61503
          0.02805  3.98361  4.70596  0.61958  0.77255  0.48576  0.95510
    437   2.90436  4.64219  3.52371  3.37950  4.36354  3.32345  4.44707  3.93846  3.44649  3.55289  4.60813  3.67456  0.64467  3.83189  3.67865  3.07554  3.35487  3.57101  5.51873  4.48603    448 P - - -
          2.68618  4.42225  2.77519  2.73123  3.46354  2.40513  3.72494  3.29354  2.67741  2.69355  4.24690  2.90347  2.73739  3.18146  2.89801  2.37887  2.77519  2.98518  4.58477  3.61503
          0.02805  3.98361  4.70596  0.61958  0.77255  0.48576  0.95510
    438   0.86475  4.25027  3.57781  3.37542  4.16530  3.07160  4.38401  3.30763  3.39459  3.18400  4.20452  3.49618  3.82144  3.72578  3.63676  2.60006  2.88517  2.94277  5.58136  4.39428    449 a - - -
          2.68618  4.42225  2.77519  2.73123  3.46354  2.40513  3.72494  3.29354  2.67741  2.69355  4.24690  2.90347  2.73739  3.18146  2.89801  2.37887  2.77519  2.98518  4.58477  3.61503
          0.02805  3.98361  4.70596  0.61958  0.77255  0.48576  0.95510
    439   2.90436  4.64219  3.52371  3.37950  4.36354  3.32345  4.44707  3.93846  3.44649  3.55289  4.60813  3.67456  0.64467  3.83189  3.67865  3.07554  3.35487  3.57101  5.51873  4.48603    450 P - - -
          2.68618  4.42225  2.77519  2.73123  3.46354  2.40513  3.72494  3.29354  2.67741  2.69355  4.24690  2.90347  2.73739  3.18146  2.89801  2.37887  2.77519  2.98518  4.58477  3.61503
          0.02805  3.98361  4.70596  0.61958  0.77255  0.48576  0.95510
    440   2.05739  4.65885  3.29044  2.79289  4.18010  3.37144  3.77809  3.52152  2.32022  3.15295  4.04961  3.18024  3.88974  2.96313  1.54379  2.75744  2.96660  3.19245  5.37925  4.14008    451 r - - -
          2.68618  4.42225  2.77519  2.73123  3.46354  2.40513  3.72494  3.29354  2.67741  2.69355  4.24690  2.90347  2.73739  3.18146  2.89801  2.37887  2.77519  2.98518  4.58477  3.61503
          0.02805  3.98361  4.70596  0.61958  0.77255  0.48576  0.95510
    441   2.80810  4.57154  3.50455  3.41857  4.55698  0.57650  4.53118  4.18447  3.61489  3.82441  4.80174  3.66897  3.96620  3.93034  3.83789  2.98335  3.29799  3.69135  5.62189  4.66295    452 G - - -
          2.68618  4.42225  2.77519  2.73123  3.46354  2.40513  3.72494  3.29354  2.67741  2.69355  4.24690  2.90347  2.73739  3.18146  2.89801  2.37887  2.77519  2.98518  4.58477  3.61503
          0.02805  3.98361  4.70596  0.61958  0.77255  0.48576  0.95510
    442   2.84882  4.29318  4.26411  3.72165  3.47749  4.02772  4.47213  1.58291  3.61954  2.10349  3.34498  3.99870  4.39265  3.90012  3.86876  3.35383  2.36969  1.52934  5.21128  4.00861    453 v - - -
          2.68618  4.42225  2.77519  2.73123  3.46354  2.40513  3.72494  3.29354  2.67741  2.69355  4.24690  2.90347  2.73739  3.18146  2.89801  2.37887  2.77519  2.98518  4.58477  3.61503
          0.02805  3.98361  4.70596  0.61958  0.77255  0.48576  0.95510
    443   2.90436  4.64219  3.52371  3.37950  4.36354  3.32345  4.44707  3.93846  3.44649  3.55289  4.60813  3.67456  0.64467  3.83189  3.67865  3.07554  3.35487  3.57101  5.51873  4.48603    454 P - - -
          2.68618  4.42225  2.77519  2.73123  3.46354  2.40513  3.72494  3.29354  2.67741  2.69355  4.24690  2.90347  2.73739  3.18146  2.89801  2.37887  2.77519  2.98518  4.58477  3.61503
          0.02805  3.98361  4.70596  0.61958  0.77255  0.48576  0.95510
    444   2.97243  4.95938  2.97984  2.73730  4.14243  3.44152  3.89624  3.79116  2.55064  3.28238  4.30808  3.19764  3.99719  1.04873  2.83222  3.01594  3.26977  3.51422  5.39522  4.09669    455 q - - -
          2.68618  4.42225  2.77519  2.73123  3.46354  2.40513  3.72494  3.29354  2.67741  2.69355  4.24690  2.90347  2.73739  3.18146  2.89801  2.37887  2.77519  2.98518  4.58477  3.61503
          0.02805  3.98361  4.70596  0.61958  0.77255  0.48576  0.95510
    445   3.11808  4.50739  4.49119  4.11206  3.45080  4.18456  4.82046  0.95007  3.94231  2.01533  3.37011  4.34193  4.60609  4.27983  4.12629  3.69152  3.41569  1.85467  5.36384  4.11099    456 i - - -
          2.68618  4.42225  2.77519  2.73123  3.46354  2.40513  3.72494  3.29354  2.67741  2.69355  4.24690  2.90347  2.73739  3.18146  2.89801  2.37887  2.77519  2.98518  4.58477  3.61503
          0.02805  3.98361  4.70596  0.61958  0.77255  0.48576  0.95510
    446   3.05096  5.18162  2.53890  0.87715  4.54225  3.34792  3.94569  4.01835  2.84043  3.61809  4.58829  3.00035  3.95810  3.15972  3.25999  3.02271  3.35640  3.69113  5.69292  4.41646    457 e - - -
          2.68618  4.42225  2.77519  2.73123  3.46354  2.40513  3.72494  3.29354  2.67741  2.69355  4.24690  2.90347  2.73739  3.18146  2.89801  2.37887  2.77519  2.98518  4.58477  3.61503
          0.02805  3.98361  4.70596  0.61958  0.77255  0.48576  0.95510
    447   2.89628  4.40926  4.27816  3.94572  3.63309  3.83770  4.72879  2.05023  3.81518  2.30149  3.58235  4.11742  4.39274  4.16743  4.01681  3.34900  3.25559  0.89564  5.43597  4.17404    458 v - - -
          2.68618  4.42225  2.77519  2.73123  3.46354  2.40513  3.72494  3.29354  2.67741  2.69355  4.24690  2.90347  2.73739  3.18146  2.89801  2.37887  2.77519  2.98518  4.58477  3.61503
          0.02805  3.98361  4.70596  0.61958  0.77255  0.48576  0.95510
    448   2.39911  4.47280  3.07900  2.67963  4.04511  3.04687  3.82633  3.41841  2.38517  3.08528  3.93278  3.08877  3.78687  3.03515  3.01233  2.41127  1.70094  3.05799  5.35421  4.08333    459 t - - -
          2.68618  4.42225  2.77519  2.73123  3.46354  2.40513  3.72494  3.29354  2.67741  2.69355  4.24690  2.90347  2.73739  3.18146  2.89801  2.37887  2.77519  2.98518  4.58477  3.61503
          0.02805  3.98361  4.70596  0.61958  0.77255  0.48576  0.95510
    449   3.40224  4.77177  4.39105  4.12758  0.84602  4.06412  3.93033  2.91328  4.03205  2.25819  3.62763  4.14563  4.52093  4.16965  4.12429  3.66584  3.70380  2.91197  4.14822  2.50203    460 f - - -
          2.68618  4.42225  2.77519  2.73123  3.46354  2.40513  3.72494  3.29354  2.67741  2.69355  4.24690  2.90347  2.73739  3.18146  2.89801  2.37887  2.77519  2.98518  4.58477  3.61503
          0.02805  3.98361  4.70596  0.61958  0.77255  0.48576  0.95510
    450   2.93242  5.50212  1.32796  1.95904  4.78802  3.21242  3.75626  4.31313  2.77527  3.81181  4.66116  2.17718  3.83500  2.92292  3.37201  2.81690  3.22219  3.88412  5.97113  4.46011    461 d - - -
          2.68618  4.42225  2.77519  2.73123  3.46354  2.40513  3.72494  3.29354  2.67741  2.69355  4.24690  2.90347  2.73739  3.18146  2.89801  2.37887  2.77519  2.98518  4.58477  3.61503
          0.02805  3.98361  4.70596  0.61958  0.77255  0.48576  0.95510
    451   3.11808  4.50739  4.49119  4.11206  3.45080  4.18456  4.82046  0.95007  3.94231  2.01533  3.37011  4.34193  4.60609  4.27983  4.12629  3.69152  3.41569  1.85467  5.36384  4.11099    462 i - - -
          2.68618  4.42225  2.77519  2.73123  3.46354  2.40513  3.72494  3.29354  2.67741  2.69355  4.24690  2.90347  2.73739  3.18146  2.89801  2.37887  2.77519  2.98518  4.58477  3.61503
          0.02805  3.98361  4.70596  0.61958  0.77255  0.48576  0.95510
    452   3.11175  5.25366  0.77085  2.40991  4.64625  3.29733  4.03289  4.26031  3.13867  3.84928  4.83082  2.97147  3.95809  3.27295  3.66919  3.06228  3.45305  3.88800  5.79302  4.50211    463 d - - -
          2.68618  4.42225  2.77519  2.73123  3.46354  2.40513  3.72494  3.29354  2.67741  2.69355  4.24690  2.90347  2.73739  3.18146  2.89801  2.37887  2.77519  2.98518  4.58477  3.61503
          0.02805  3.98361  4.70596  0.61958  0.77255  0.48576  0.95510
    453   1.66250  4.61975  2.80387  2.13391  4.16478  3.21737  3.80520  3.53720  2.67181  3.20129  4.04808  2.98157  3.78971  2.99839  3.09600  2.29921  2.87425  3.16925  5.46127  4.14751    464 a - - -
          2.68618  4.42225  2.77519  2.73123  3.46354  2.40513  3.72494  3.29354  2.67741  2.69355  4.24690  2.90347  2.73739  3.18146  2.89801  2.37887  2.77519  2.98518  4.58477  3.61503
          0.02805  3.98361  4.70596  0.61958  0.77255  0.48576  0.95510
    454   2.82341  5.10488  2.17276  2.26920  4.46724  3.22252  3.81675  4.04414  2.77994  3.62529  4.49710  1.30620  3.84601  3.01128  3.27941  2.79204  3.14745  3.63983  5.72209  4.28956    465 n - - -
          2.68618  4.42225  2.77519  2.73123  3.46354  2.40513  3.72494  3.29354  2.67741  2.69355  4.24690  2.90347  2.73739  3.18146  2.89801  2.37887  2.77519  2.98518  4.58477  3.61503
          0.02805  3.98361  4.70596  0.61958  0.77255  0.48576  0.95510
    455   2.80810  4.57154  3.50455  3.41857  4.55698  0.57650  4.53118  4.18447  3.61489  3.82441  4.80174  3.66897  3.96620  3.93034  3.83789  2.98335  3.29799  3.69135  5.62189  4.66295    466 G - - -
          2.68618  4.42225  2.77519  2.73123  3.46354  2.40513  3.72494  3.29354  2.67741  2.69355  4.24690  2.90347  2.73739  3.18146  2.89801  2.37887  2.77519  2.98518  4.58477  3.61503
          0.02805  3.98361  4.70596  0.61958  0.77255  0.48576  0.95510
    456   3.11808  4.50739  4.49119  4.11206  3.45080  4.18456  4.82046  0.95007  3.94231  2.01533  3.37011  4.34193  4.60609  4.27983  4.12629  3.69152  3.41569  1.85467  5.36384  4.11099    467 i - - -
          2.68618  4.42225  2.77519  2.73123  3.46354  2.40513  3.72494  3.29354  2.67741  2.69355  4.24690  2.90347  2.73739  3.18146  2.89801  2.37887  2.77519  2.98518  4.58477  3.61503
          0.02805  3.98361  4.70596  0.61958  0.77255  0.48576  0.95510
    457   3.13907  4.48372  4.70187  4.15955  3.26730  4.41562  4.80934  1.78282  4.03034  1.22823  3.07764  4.42034  4.67106  4.23395  4.21001  3.76641  3.38085  1.56853  5.26572  4.12709    468 l - - -
          2.68618  4.42225  2.77519  2.73123  3.46354  2.40513  3.72494  3.29354  2.67741  2.69355  4.24690  2.90347  2.73739  3.18146  2.89801  2.37887  2.77519  2.98518  4.58477  3.61503
          0.02805  3.98361  4.70596  0.61958  0.77255  0.48576  0.95510
    458   2.79372  4.99130  2.65549  2.41421  3.93292  3.35114  2.48306  3.81219  2.50334  3.35483  4.22612  1.69349  3.87758  2.91785  2.89221  2.79043  3.06716  3.46162  5.27651  3.80606    469 n - - -
          2.68618  4.42225  2.77519  2.73123  3.46354  2.40513  3.72494  3.29354  2.67741  2.69355  4.24690  2.90347  2.73739  3.18146  2.89801  2.37887  2.77519  2.98518  4.58477  3.61503
          0.02805  3.98361  4.70596  0.61958  0.77255  0.48576  0.95510
    459   2.89628  4.40926  4.27816  3.94572  3.63309  3.83770  4.72879  2.05023  3.81518  2.30149  3.58235  4.11742  4.39274  4.16743  4.01681  3.34900  3.25559  0.89564  5.43597  4.17404    470 v - - -
          2.68618  4.42225  2.77519  2.73123  3.46354  2.40513  3.72494  3.29354  2.67741  2.69355  4.24690  2.90347  2.73739  3.18146  2.89801  2.37887  2.77519  2.98518  4.58477  3.61503
          0.02805  3.98361  4.70596  0.61958  0.77255  0.48576  0.95510
    460   2.63357  4.91007  2.70641  2.04138  4.23764  3.20176  3.64127  3.67192  2.35716  3.24338  4.05207  2.67752  3.79101  2.78750  2.90543  2.15323  2.46389  3.31009  5.45359  4.09338    471 e - - -
          2.68618  4.42225  2.77519  2.73123  3.46354  2.40513  3.72494  3.29354  2.67741  2.69355  4.24690  2.90347  2.73739  3.18146  2.89801  2.37887  2.77519  2.98518  4.58477  3.61503
          0.02805  3.98361  4.70596  0.61958  0.77255  0.48576  0.95510
    461   0.86475  4.25027  3.57781  3.37542  4.16530  3.07160  4.38401  3.30763  3.39459  3.18400  4.20452  3.49618  3.82144  3.72578  3.63676  2.60006  2.88517  2.94277  5.58136  4.39428    472 a - - -
          2.68618  4.42225  2.77519  2.73123  3.46354  2.40513  3.72494  3.29354  2.67741  2.69355  4.24690  2.90347  2.73739  3.18146  2.89801  2.37887  2.77519  2.98518  4.58477  3.61503
          0.02805  3.98361  4.70596  0.61958  0.77255  0.48576  0.95510
    462   2.74244  4.98790  2.87258  2.04366  4.30348  3.42702  3.62497  3.67471  1.65099  3.25093  4.08648  2.94586  3.85863  2.76673  2.59924  2.74223  2.97033  2.99222  5.43916  4.12459    473 k - - -
          2.68618  4.42225  2.77519  2.73123  3.46354  2.40513  3.72494  3.29354  2.67741  2.69355  4.24690  2.90347  2.73739  3.18146  2.89801  2.37887  2.77519  2.98518  4.58477  3.61503
          0.02805  3.98361  4.70596  0.61958  0.77255  0.48576  0.95510
    463   3.11175  5.25366  0.77085  2.40991  4.64625  3.29733  4.03289  4.26031  3.13867  3.84928  4.83082  2.97147  3.95809  3.27295  3.66919  3.06228  3.45305  3.88800  5.79302  4.50211    474 d - - -
          2.68618  4.42225  2.77519  2.73123  3.46354  2.40513  3.72494  3.29354  2.67741  2.69355  4.24690  2.90347  2.73739  3.18146  2.89801  2.37887  2.77519  2.98518  4.58477  3.61503
          0.02805  3.98361  4.70596  0.61958  0.77255  0.48576  0.95510
    464   2.75217  4.68269  3.23317  2.71130  3.81875  3.54942  3.70424  3.18616  2.08001  1.89736  3.72917  3.15688  3.94624  2.47233  2.62256  2.85601  2.97193  2.96140  5.15220  3.89240    475 l - - -
          2.68618  4.42225  2.77519  2.73123  3.46354  2.40513  3.72494  3.29354  2.67741  2.69355  4.24690  2.90347  2.73739  3.18146  2.89801  2.37887  2.77519  2.98518  4.58477  3.61503
          0.02805  3.98361  4.70596  0.61958  0.77255  0.48576  0.95510
    465   1.91304  4.22244  3.28345  3.11297  4.37284  1.18959  4.26808  3.74472  3.27003  3.48493  4.35193  3.29975  3.71907  3.55618  3.56826  2.46211  2.78644  3.21121  5.69800  4.49828    476 g - - -
          2.68618  4.42225  2.77519  2.73123  3.46354  2.40513  3.72494  3.29354  2.67741  2.69355  4.24690  2.90347  2.73739  3.18146  2.89801  2.37887  2.77519  2.98518  4.58477  3.61503
          0.02805  3.98361  4.70596  0.61958  0.77255  0.48576  0.95510
    466   2.27386  4.20304  3.38256  3.07348  4.15224  3.00487  4.13682  3.47937  3.07522  3.23639  4.10615  3.27942  3.72145  3.40967  3.38521  1.84799  1.44580  3.03104  5.52300  4.28724    477 t - - -
          2.68618  4.42225  2.77519  2.73123  3.46354  2.40513  3.72494  3.29354  2.67741  2.69355  4.24690  2.90347  2.73739  3.18146  2.89801  2.37887  2.77519  2.98518  4.58477  3.61503
          0.02805  3.98361  4.70596  0.61958  0.77255  0.48576  0.95510
    467   2.68651  4.80156  2.70635  2.48003  4.29449  1.59486  3.78692  3.74233  2.42249  3.33545  4.19583  2.96370  3.84226  2.58778  2.90938  2.73010  3.00378  3.37047  5.52309  4.20678    478 g - - -
          2.68618  4.42225  2.77519  2.73123  3.46354  2.40513  3.72494  3.29354  2.67741  2.69355  4.24690  2.90347  2.73739  3.18146  2.89801  2.37887  2.77519  2.98518  4.58477  3.61503
          0.02805  3.98361  4.70596  0.61958  0.77255  0.48576  0.95510
    468   2.84944  5.09063  2.97448  2.51921  4.47290  3.48176  3.61671  3.88467  1.48177  3.37807  4.21199  2.32171  3.90957  2.75369  2.27259  2.83557  3.06398  3.53200  5.47955  4.20516    479 k - - -
          2.68618  4.42225  2.77519  2.73123  3.46354  2.40513  3.72494  3.29354  2.67741  2.69355  4.24690  2.90347  2.73739  3.18146  2.89801  2.37887  2.77519  2.98518  4.58477  3.61503
          0.02805  3.98361  4.70596  0.61958  0.77255  0.48576  0.95510
    469   2.35274  5.07175  2.66443  1.79326  4.38257  3.35949  3.62319  3.81742  2.09974  3.35104  4.15944  2.85213  3.81992  2.52371  2.76336  2.69648  2.96081  3.44834  5.52318  4.16161    480 e - - -
          2.68618  4.42225  2.77519  2.73123  3.46354  2.40513  3.72494  3.29354  2.67741  2.69355  4.24690  2.90347  2.73739  3.18146  2.89801  2.37887  2.77519  2.98518  4.58477  3.61503
          0.02805  3.98361  4.70596  0.61958  0.77255  0.48576  0.95510
    470   2.49155  5.07185  2.59407  1.92828  4.39206  3.33841  3.66201  3.81993  2.40737  3.36955  4.20071  2.85040  3.83337  1.88410  2.82621  2.72891  3.00478  3.45899  5.55773  4.19344    481 q - - -
          2.68618  4.42225  2.77519  2.73123  3.46354  2.40513  3.72494  3.29354  2.67741  2.69355  4.24690  2.90347  2.73739  3.18146  2.89801  2.37887  2.77519  2.98518  4.58477  3.61503
          0.02805  3.98361  4.70596  0.61958  0.77255  0.48576  0.95510
    471   2.41370  4.84064  2.61979  2.36718  4.19703  3.00817  3.64430  3.62903  2.28016  3.20757  4.01443  2.88795  3.78157  2.79135  2.79206  1.96689  2.85588  3.26511  5.42266  4.07118    482 s - - -
          2.68618  4.42225  2.77519  2.73123  3.46354  2.40513  3.72494  3.29354  2.67741  2.69355  4.24690  2.90347  2.73739  3.18146  2.89801  2.37887  2.77519  2.98518  4.58477  3.61503
          0.02805  3.98361  4.70596  0.61958  0.77255  0.48576  0.95510
    472   3.11808  4.50739  4.49119  4.11206  3.45080  4.18456  4.82046  0.95007  3.94231  2.01533  3.37011  4.34193  4.60609  4.27983  4.12629  3.69152  3.41569  1.85467  5.36384  4.11099    483 i - - -
          2.68618  4.42225  2.77519  2.73123  3.46354  2.40513  3.72494  3.29354  2.67741  2.69355  4.24690  2.90347  2.73739  3.18146  2.89801  2.37887  2.77519  2.98518  4.58477  3.61503
          0.02805  3.98361  4.70596  0.61958  0.77255  0.48576  0.95510
    473   2.27312  4.20335  3.38142  3.07091  4.15403  3.00431  4.13519  3.48346  3.07343  3.23832  4.10684  3.27778  3.72056  3.40715  3.38453  1.82091  1.46507  3.03375  5.52371  4.28790    484 t - - -
          2.68618  4.42225  2.77519  2.73123  3.46354  2.40513  3.72494  3.29354  2.67741  2.69355  4.24690  2.90347  2.73739  3.18146  2.89801  2.37887  2.77519  2.98518  4.58477  3.61503
          0.02805  3.98361  4.70596  0.61958  0.77255  0.48576  0.95510
    474   3.11808  4.50739  4.49119  4.11206  3.45080  4.18456  4.82046  0.95007  3.94231  2.01533  3.37011  4.34193  4.60609  4.27983  4.12629  3.69152  3.41569  1.85467  5.36384  4.11099    485 i - - -
          2.68618  4.42225  2.77519  2.73123  3.46354  2.40513  3.72494  3.29354  2.67741  2.69355  4.24690  2.90347  2.73739  3.18146  2.89801  2.37887  2.77519  2.98518  4.58477  3.61503
          0.02805  3.98361  4.70596  0.61958  0.77255  0.48576  0.95510
    475   2.70697  4.99988  2.65620  1.84700  4.31060  3.34388  3.64965  3.73203  2.40785  3.29731  4.12180  2.86301  3.82016  2.31701  2.83771  2.69561  2.31305  3.37781  5.49958  4.14128    486 e - - -
          2.68618  4.42225  2.77519  2.73123  3.46354  2.40513  3.72494  3.29354  2.67741  2.69355  4.24690  2.90347  2.73739  3.18146  2.89801  2.37887  2.77519  2.98518  4.58477  3.61503
          0.02805  3.98361  4.70596  0.61958  0.77255  0.48576  0.95510
    476   2.01481  4.57936  2.99080  2.56494  4.12701  2.46066  3.75745  3.53115  2.13590  3.15548  3.98107  3.01468  3.77361  2.93540  2.96276  2.45885  2.66704  3.15346  5.39579  4.09657    487 a - - -
          2.68618  4.42225  2.77519  2.73123  3.46354  2.40513  3.72494  3.29354  2.67741  2.69355  4.24690  2.90347  2.73739  3.18146  2.89801  2.37887  2.77519  2.98518  4.58477  3.61503
          0.02805  3.98361  4.70596  0.61958  0.77255  0.48576  0.95510
    477   2.45158  4.53037  2.96854  2.58309  4.16732  2.39117  3.80303  3.58839  2.50952  3.20838  4.02918  3.01858  2.45680  2.98660  3.06479  2.15044  2.66158  3.18160  5.44521  4.14411    488 s - - -
          2.68618  4.42225  2.77519  2.73123  3.46354  2.40513  3.72494  3.29354  2.67741  2.69355  4.24690  2.90347  2.73739  3.18146  2.89801  2.37887  2.77519  2.98518  4.58477  3.61503
          0.02805  3.98361  4.70596  0.61958  0.77255  0.48576  0.95510
    478   2.18920  4.51579  3.07490  2.58509  3.92406  2.63085  3.48267  3.32436  2.59326  2.97085  3.80870  2.76933  3.78259  2.93139  3.01807  2.48207  2.38579  2.79496  5.24870  3.95699    489 a - - -
          2.68618  4.42225  2.77519  2.73123  3.46354  2.40513  3.72494  3.29354  2.67741  2.69355  4.24690  2.90347  2.73739  3.18146  2.89801  2.37887  2.77519  2.98518  4.58477  3.61503
          0.02805  3.98361  4.70596  0.61958  0.77255  0.48576  0.95510
    479   2.72953  4.88117  2.93636  2.53515  4.32740  2.03900  3.68701  3.74005  1.76693  3.29690  4.13726  3.00951  3.86851  2.84474  2.48416  2.75842  2.99347  3.38317  5.45439  4.17336    490 k - - -
          2.68618  4.42225  2.77519  2.73123  3.46354  2.40513  3.72494  3.29354  2.67741  2.69355  4.24690  2.90347  2.73739  3.18146  2.89801  2.37887  2.77519  2.98518  4.58477  3.61503
          0.02805  3.98361  4.70596  0.61958  0.77255  0.48576  0.95510
    480   3.28139  4.71130  4.36758  4.00895  3.18073  4.12257  4.62987  2.39195  3.77559  0.74959  3.17081  4.27360  4.53947  4.11729  3.93307  3.70789  3.57096  2.45794  5.09929  3.84793    491 l - - -
          2.68618  4.42225  2.77519  2.73123  3.46354  2.40513  3.72494  3.29354  2.67741  2.69355  4.24690  2.90347  2.73739  3.18146  2.89801  2.37887  2.77519  2.98518  4.58477  3.61503
          0.02805  3.98361  4.70596  0.61958  0.77255  0.48576  0.95510
    481   2.43158  4.47036  2.67498  2.64186  4.25012  3.09508  3.93583  3.65799  2.85760  3.33220  4.17641  3.04571  3.75094  3.15016  3.26869  1.33122  2.61667  3.21800  5.56455  4.25636    492 s - - -
          2.68618  4.42225  2.77519  2.73123  3.46354  2.40513  3.72494  3.29354  2.67741  2.69355  4.24690  2.90347  2.73739  3.18146  2.89801  2.37887  2.77519  2.98518  4.58477  3.61503
          0.02805  3.98361  4.70596  0.61958  0.77255  0.48576  0.95510
    482   2.83136  5.33622  1.63407  1.99733  4.63616  3.27114  3.68425  4.12037  2.00134  3.62147  4.43694  2.73481  3.82057  2.82960  3.06369  2.74937  3.09235  3.70951  5.77628  4.33092    493 d - - -
          2.68618  4.42225  2.77519  2.73123  3.46354  2.40513  3.72494  3.29354  2.67741  2.69355  4.24690  2.90347  2.73739  3.18146  2.89801  2.37887  2.77519  2.98518  4.58477  3.61503
          0.02805  3.98361  4.70596  0.61958  0.77255  0.48576  0.95510
    483   2.54418  5.30709  1.79499  1.59839  4.62276  3.24352  3.70440  4.10454  2.63891  3.62564  4.44458  2.71949  3.81132  2.85561  3.19290  2.58679  3.08950  3.69170  5.80064  4.34012    494 e - - -
          2.68618  4.42225  2.77519  2.73123  3.46354  2.40513  3.72494  3.29354  2.67741  2.69355  4.24690  2.90347  2.73739  3.18146  2.89801  2.37887  2.77519  2.98518  4.58477  3.61503
          0.02805  3.98361  4.70596  0.61958  0.77255  0.48576  0.95510
    484   2.86467  5.34277  2.18129  1.31849  4.62585  3.26342  3.71053  4.11458  2.60631  3.62851  4.46414  2.73335  3.83337  2.52212  3.11836  2.78124  3.13275  3.71641  5.79259  4.34533    495 e - - -
          2.68618  4.42225  2.77519  2.73123  3.46354  2.40513  3.72494  3.29354  2.67741  2.69355  4.24690  2.90347  2.73739  3.18146  2.89801  2.37887  2.77519  2.98518  4.58477  3.61503
          0.02805  3.98361  4.70596  0.61958  0.77255  0.48576  0.95510
    485   3.11808  4.50739  4.49119  4.11206  3.45080  4.18456  4.82046  0.95007  3.94231  2.01533  3.37011  4.34193  4.60609  4.27983  4.12629  3.69152  3.41569  1.85467  5.36384  4.11099    496 i - - -
          2.68618  4.42225  2.77519  2.73123  3.46354  2.40513  3.72494  3.29354  2.67741  2.69355  4.24690  2.90347  2.73739  3.18146  2.89801  2.37887  2.77519  2.98518  4.58477  3.61503
          0.02805  3.98361  4.70596  0.61958  0.77255  0.48576  0.95510
    486   2.88454  5.41925  1.91434  1.33934  4.70625  3.24252  3.72106  4.20202  2.51826  3.70728  4.54027  2.70373  3.82905  2.87722  3.21510  2.78580  3.15825  3.78722  5.86892  4.39414    497 e - - -
          2.68618  4.42225  2.77519  2.73123  3.46354  2.40513  3.72494  3.29354  2.67741  2.69355  4.24690  2.90347  2.73739  3.18146  2.89801  2.37887  2.77519  2.98518  4.58477  3.61503
          0.02805  3.98361  4.70596  0.61958  0.77255  0.48576  0.95510
    487   2.86573  5.13436  3.08611  2.25849  4.52299  3.52939  3.58357  3.91059  1.88778  3.37831  4.20273  3.01960  3.91824  2.33973  1.71007  2.84381  3.05956  3.55791  5.46971  4.21301    498 r - - -
          2.68618  4.42225  2.77519  2.73123  3.46354  2.40513  3.72494  3.29354  2.67741  2.69355  4.24690  2.90347  2.73739  3.18146  2.89801  2.37887  2.77519  2.98518  4.58477  3.61503
          0.02805  3.98361  4.70596  0.61958  0.77255  0.48576  0.95510
    488   2.77496  4.41266  3.72808  3.17599  3.34309  3.74780  3.99808  2.55034  2.63064  1.96972  1.85753  3.53899  4.12092  3.33604  3.15623  3.05179  3.01149  2.45001  4.96603  3.74429    499 m - - -
          2.68618  4.42225  2.77519  2.73123  3.46354  2.40513  3.72494  3.29354  2.67741  2.69355  4.24690  2.90347  2.73739  3.18146  2.89801  2.37887  2.77519  2.98518  4.58477  3.61503
          0.02805  3.98361  4.70596  0.61958  0.77255  0.48576  0.95510
    489   2.62632  4.62172  3.16708  2.59657  3.82713  3.47924  3.65998  2.88723  2.15521  2.83967  3.70688  3.06997  3.86413  2.39312  2.65594  2.71978  2.85137  2.42130  5.14065  3.86675    500 k - - -
          2.68618  4.42225  2.77519  2.73123  3.46354  2.40513  3.72494  3.29354  2.67741  2.69355  4.24690  2.90347  2.73739  3.18146  2.89801  2.37887  2.77519  2.98518  4.58477  3.61503
          0.02805  3.98361  4.70596  0.61958  0.77255  0.48576  0.95510
    490   2.83377  5.15941  2.82894  1.90540  4.51956  3.44827  3.60690  3.93378  1.61497  3.41621  4.23625  2.93305  3.88259  2.63657  2.39205  2.79920  3.04768  3.56794  5.52887  4.22418    501 k - - -
          2.68618  4.42225  2.77519  2.73123  3.46354  2.40513  3.72494  3.29354  2.67741  2.69355  4.24690  2.90347  2.73739  3.18146  2.89801  2.37887  2.77519  2.98518  4.58477  3.61503
          0.02805  3.98361  4.70596  0.61958  0.77255  0.48576  0.95510
    491   2.95134  5.51704  1.46616  1.48406  4.80251  3.21865  3.76730  4.31983  2.78842  3.82517  4.68273  2.68376  3.84272  2.93531  3.38440  2.83343  3.24097  3.89540  5.97636  4.47381    502 d - - -
          2.68618  4.42225  2.77519  2.73123  3.46354  2.40513  3.72494  3.29354  2.67741  2.69355  4.24690  2.90347  2.73739  3.18146  2.89801  2.37887  2.77519  2.98518  4.58477  3.61503
          0.02805  3.98361  4.70596  0.61958  0.77255  0.48576  0.95510
    492   0.86475  4.25027  3.57781  3.37542  4.16530  3.07160  4.38401  3.30763  3.39459  3.18400  4.20452  3.49618  3.82144  3.72578  3.63676  2.60006  2.88517  2.94277  5.58136  4.39428    503 a - - -
          2.68618  4.42225  2.77519  2.73123  3.46354  2.40513  3.72494  3.29354  2.67741  2.69355  4.24690  2.90347  2.73739  3.18146  2.89801  2.37887  2.77519  2.98518  4.58477  3.61503
          0.02805  3.98361  4.70596  0.61958  0.77255  0.48576  0.95510
    493   2.91520  5.23663  2.41305  1.18005  4.55607  3.31222  3.75842  3.99217  2.40982  3.55794  4.44148  2.83547  3.88374  2.92985  2.97674  2.86050  3.18801  3.63585  5.71316  4.33742    504 e - - -
          2.68618  4.42225  2.77519  2.73123  3.46354  2.40513  3.72494  3.29354  2.67741  2.69355  4.24690  2.90347  2.73739  3.18146  2.89801  2.37887  2.77519  2.98518  4.58477  3.61503
          0.02805  3.98361  4.70596  0.61958  0.77255  0.48576  0.95510
    494   2.45710  4.74181  3.09761  2.52213  3.97881  3.45953  3.62045  3.36674  1.99814  2.61817  3.52226  3.01201  3.84343  2.41340  2.59867  2.69261  2.86008  3.07106  5.22940  3.93853    505 k - - -
          2.68618  4.42225  2.77519  2.73123  3.46354  2.40513  3.72494  3.29354  2.67741  2.69355  4.24690  2.90347  2.73739  3.18146  2.89801  2.37887  2.77519  2.98518  4.58477  3.61503
          0.02805  3.98361  4.70596  0.61958  0.77255  0.48576  0.95510
    495   3.18457  4.73729  3.90881  3.44863  1.86075  3.99601  1.77565  3.29974  3.34681  2.76289  3.86052  3.63569  4.34718  3.57197  3.60552  3.29490  3.40957  3.12893  3.81392  1.78451    506 h - - -
          2.68618  4.42225  2.77519  2.73123  3.46354  2.40513  3.72494  3.29354  2.67741  2.69355  4.24690  2.90347  2.73739  3.18146  2.89801  2.37887  2.77519  2.98518  4.58477  3.61503
          0.02805  3.98361  4.70596  0.61958  0.77255  0.48576  0.95510
    496   1.26253  4.28922  3.21847  2.91776  4.12625  3.06944  4.03801  3.45455  2.77552  3.19378  4.05965  3.20787  3.74881  3.29150  3.26366  2.22037  2.77618  3.03889  5.47860  4.23214    507 a - - -
          2.68618  4.42225  2.77519  2.73123  3.46354  2.40513  3.72494  3.29354  2.67741  2.69355  4.24690  2.90347  2.73739  3.18146  2.89801  2.37887  2.77519  2.98518  4.58477  3.61503
          0.02805  3.98361  4.70596  0.61958  0.77255  0.48576  0.95510
    497   2.66718  5.28199  2.19896  1.32777  4.57977  3.26036  3.71077  4.04772  2.61630  3.58249  4.41710  2.74009  3.82686  2.71655  3.13477  2.76360  3.10632  3.65643  5.76497  4.32467    508 e - - -
          2.68618  4.42225  2.77519  2.73123  3.46354  2.40513  3.72494  3.29354  2.67741  2.69355  4.24690  2.90347  2.73739  3.18146  2.89801  2.37887  2.77519  2.98518  4.58477  3.61503
          0.02805  3.98361  4.70596  0.61958  0.77255  0.48576  0.95510
    498   2.88195  5.25300  2.40573  1.30825  4.53654  3.30971  3.71881  4.01406  2.51371  3.53589  4.40242  2.80812  3.86477  2.44427  2.94286  2.82104  3.14552  3.64772  5.69715  4.30080    509 e - - -
          2.68618  4.42225  2.77519  2.73123  3.46354  2.40513  3.72494  3.29354  2.67741  2.69355  4.24690  2.90347  2.73739  3.18146  2.89801  2.37887  2.77519  2.98518  4.58477  3.61503
          0.02805  3.98361  4.70596  0.61958  0.77255  0.48576  0.95510
    499   3.11175  5.25366  0.77085  2.40991  4.64625  3.29733  4.03289  4.26031  3.13867  3.84928  4.83082  2.97147  3.95809  3.27295  3.66919  3.06228  3.45305  3.88800  5.79302  4.50211    510 d - - -
          2.68618  4.42225  2.77519  2.73123  3.46354  2.40513  3.72494  3.29354  2.67741  2.69355  4.24690  2.90347  2.73739  3.18146  2.89801  2.37887  2.77519  2.98518  4.58477  3.61503
          0.02805  3.98361  4.70596  0.61958  0.77255  0.48576  0.95510
    500   2.54047  5.05460  2.94472  2.04336  4.40222  3.45119  3.58825  3.81247  1.86052  3.32074  4.13036  2.94839  3.85756  2.71555  2.09040  2.73837  2.96886  3.45191  5.45691  4.15095    511 k - - -
          2.68618  4.42225  2.77519  2.73123  3.46354  2.40513  3.72494  3.29354  2.67741  2.69355  4.24690  2.90347  2.73739  3.18146  2.89801  2.37887  2.77519  2.98518  4.58477  3.61503
          0.02805  3.98361  4.70596  0.61958  0.77255  0.48576  0.95510
    501   2.48725  5.04610  3.05950  2.43537  4.40156  3.49475  3.58590  3.79777  1.61474  3.30190  4.12103  2.99698  3.88552  2.47664  2.18161  2.78126  2.99488  3.44976  5.43021  4.15263    512 k - - -
          2.68618  4.42225  2.77519  2.73123  3.46354  2.40513  3.72494  3.29354  2.67741  2.69355  4.24690  2.90347  2.73739  3.18146  2.89801  2.37887  2.77519  2.98518  4.58477  3.61503
          0.02805  3.98361  4.70596  0.61958  0.77255  0.48576  0.95510
    502   2.56975  4.90600  3.25160  2.63100  4.23483  3.53596  3.61108  3.59566  1.84158  3.15425  3.64497  3.08489  3.91596  2.75898  1.70285  2.81959  2.99308  3.28829  5.33218  4.08666    513 r - - -
          2.68618  4.42225  2.77519  2.73123  3.46354  2.40513  3.72494  3.29354  2.67741  2.69355  4.24690  2.90347  2.73739  3.18146  2.89801  2.37887  2.77519  2.98518  4.58477  3.61503
          0.02805  3.98361  4.70596  0.61958  0.77255  0.48576  0.95510
    503   3.02583  5.17471  3.40615  2.74657  4.62113  3.65247  3.58962  3.96741  1.34250  3.40205  4.26144  3.16105  4.01418  2.57492  1.68072  3.01334  3.18911  3.64341  5.44833  4.27098    514 k - - -
          2.68618  4.42225  2.77519  2.73123  3.46354  2.40513  3.72494  3.29354  2.67741  2.69355  4.24690  2.90347  2.73739  3.18146  2.89801  2.37887  2.77519  2.98518  4.58477  3.61503
          0.02805  3.98361  4.70596  0.61958  0.77255  0.48576  0.95510
    504   2.78383  5.08835  2.59370  1.43270  4.43863  3.07938  3.68163  3.88186  2.41062  3.42279  4.25478  2.86580  3.84661  2.83337  2.50268  2.75754  3.03973  3.51240  5.58058  4.22725    515 e - - -
          2.68618  4.42225  2.77519  2.73123  3.46354  2.40513  3.72494  3.29354  2.67741  2.69355  4.24690  2.90347  2.73739  3.18146  2.89801  2.37887  2.77519  2.98518  4.58477  3.61503
          0.02805  3.98361  4.70596  0.61958  0.77255  0.48576  0.95510
    505   2.61644  5.08469  2.72361  1.93314  4.41459  3.38971  3.58061  3.85736  2.04719  3.35909  4.14614  2.87029  3.81033  2.52436  2.27758  2.66557  2.92094  3.47061  5.50099  4.14529    516 e - - -
          2.68618  4.42225  2.77519  2.73123  3.46354  2.40513  3.72494  3.29354  2.67741  2.69355  4.24690  2.90347  2.73739  3.18146  2.89801  2.37887  2.77519  2.98518  4.58477  3.61503
          0.02805  3.98361  4.70596  0.61958  0.77255  0.48576  0.95510
    506   2.79398  4.35570  4.61099  4.10786  3.56865  4.26578  4.84321  1.27900  4.00041  2.13010  3.38606  4.33557  4.62012  4.27597  4.21709  3.63885  3.26388  1.32582  5.45448  4.25255    517 i - - -
          2.68618  4.42225  2.77519  2.73123  3.46354  2.40513  3.72494  3.29354  2.67741  2.69355  4.24690  2.90347  2.73739  3.18146  2.89801  2.37887  2.77519  2.98518  4.58477  3.61503
          0.02805  3.98361  4.70596  0.61958  0.77255  0.48576  0.95510
    507   2.93461  5.34807  2.12916  1.11406  4.65750  3.25316  3.78953  4.14070  2.75199  3.69875  4.57473  2.76031  3.86285  2.96622  3.28031  2.85161  3.22468  3.75411  5.84205  4.40890    518 e - - -
          2.68618  4.42225  2.77519  2.73123  3.46354  2.40513  3.72494  3.29354  2.67741  2.69355  4.24690  2.90347  2.73739  3.18146  2.89801  2.37887  2.77519  2.98518  4.58477  3.61503
          0.02805  3.98361  4.70596  0.61958  0.77255  0.48576  0.95510
    508   2.16752  4.26468  3.72612  3.17816  3.47637  3.63521  4.05258  2.18631  3.10164  2.13747  3.39727  3.52271  4.06020  3.40809  3.41763  2.93339  2.24925  2.10080  5.03207  3.81225    519 v - - -
          2.68618  4.42225  2.77519  2.73123  3.46354  2.40513  3.72494  3.29354  2.67741  2.69355  4.24690  2.90347  2.73739  3.18146  2.89801  2.37887  2.77519  2.98518  4.58477  3.61503
          0.02805  3.98361  4.70596  0.61958  0.77255  0.48576  0.95510
    509   2.72441  4.71713  3.29832  2.67750  3.92651  3.54737  3.65341  3.09562  2.09844  2.66480  3.48602  3.12765  3.91830  2.83647  1.78921  2.80848  2.93545  3.00999  5.18668  3.93519    520 r - - -
          2.68618  4.42225  2.77519  2.73123  3.46354  2.40513  3.72494  3.29354  2.67741  2.69355  4.24690  2.90347  2.73739  3.18146  2.89801  2.37887  2.77519  2.98518  4.58477  3.61503
          0.02805  3.98361  4.70596  0.61958  0.77255  0.48576  0.95510
    510   2.81838  4.81683  2.77457  2.67179  4.19807  3.26073  4.01503  3.93345  2.92862  3.56800  4.52337  0.97539  3.91851  3.28883  3.28632  2.88187  3.20443  3.54438  5.49133  4.13907    521 n - - -
          2.68618  4.42225  2.77519  2.73123  3.46354  2.40513  3.72494  3.29354  2.67741  2.69355  4.24690  2.90347  2.73739  3.18146  2.89801  2.37887  2.77519  2.98518  4.58477  3.61503
          0.02805  3.98361  4.70596  0.61958  0.77255  0.48576  0.95510
    511   2.80137  5.23148  2.40132  1.75563  4.53848  3.28954  3.67730  4.01335  2.50782  3.53055  4.34915  1.94843  3.82322  2.55230  2.98512  2.63324  3.06015  3.61982  5.69337  4.27717    522 e - - -
          2.68618  4.42225  2.77519  2.73123  3.46354  2.40513  3.72494  3.29354  2.67741  2.69355  4.24690  2.90347  2.73739  3.18146  2.89801  2.37887  2.77519  2.98518  4.58477  3.61503
          0.02805  3.98361  4.70596  0.61958  0.77255  0.48576  0.95510
    512   0.86475  4.25027  3.57781  3.37542  4.16530  3.07160  4.38401  3.30763  3.39459  3.18400  4.20452  3.49618  3.82144  3.72578  3.63676  2.60006  2.88517  2.94277  5.58136  4.39428    523 a - - -
          2.68618  4.42225  2.77519  2.73123  3.46354  2.40513  3.72494  3.29354  2.67741  2.69355  4.24690  2.90347  2.73739  3.18146  2.89801  2.37887  2.77519  2.98518  4.58477  3.61503
          0.02805  3.98361  4.70596  0.61958  0.77255  0.48576  0.95510
    513   2.93331  5.45821  1.82941  1.24479  4.74965  3.22964  3.76359  4.25530  2.76015  3.77381  4.63018  2.70311  3.84372  2.93113  3.33507  2.82685  3.22019  3.84146  5.92533  4.44349    524 e - - -
          2.68618  4.42225  2.77519  2.73123  3.46354  2.40513  3.72494  3.29354  2.67741  2.69355  4.24690  2.90347  2.73739  3.18146  2.89801  2.37887  2.77519  2.98518  4.58477  3.61503
          0.02805  3.98361  4.70596  0.61958  0.77255  0.48576  0.95510
    514   1.97052  4.27023  3.26325  2.87822  4.15253  2.86401  3.99753  3.55859  2.91780  3.22417  4.04982  2.94791  3.70805  3.22785  3.29159  1.74666  2.04547  3.09883  5.48104  4.23266    525 s - - -
          2.68618  4.42225  2.77519  2.73123  3.46354  2.40513  3.72494  3.29354  2.67741  2.69355  4.24690  2.90347  2.73739  3.18146  2.89801  2.37887  2.77519  2.98518  4.58477  3.61503
          0.02805  3.98361  4.70596  0.61958  0.77255  0.48576  0.95510
    515   2.34409  4.17084  3.69773  3.12874  3.08092  3.61234  3.89577  2.55279  3.04544  1.80482  3.08588  3.45956  3.98989  3.32488  3.33014  2.71756  2.73542  2.36602  4.76434  3.31834    526 l - - -
          2.68618  4.42225  2.77519  2.73123  3.46354  2.40513  3.72494  3.29354  2.67741  2.69355  4.24690  2.90347  2.73739  3.18146  2.89801  2.37887  2.77519  2.98518  4.58477  3.61503
          0.02805  3.98361  4.70596  0.61958  0.77255  0.48576  0.95510
    516   2.52140  4.32269  4.46217  3.92508  3.48429  4.17934  4.64207  1.40708  3.82252  1.97336  3.32650  4.18035  4.51662  4.08618  4.04890  3.51819  3.18995  1.49174  5.29426  4.10073    527 i - - -
          2.68618  4.42225  2.77519  2.73123  3.46354  2.40513  3.72494  3.29354  2.67741  2.69355  4.24690  2.90347  2.73739  3.18146  2.89801  2.37887  2.77519  2.98518  4.58477  3.61503
          0.02805  3.98361  4.70596  0.61958  0.77255  0.48576  0.95510
    517   2.67960  4.77594  2.96718  2.50373  3.78247  3.44501  3.63243  3.41697  2.40031  3.01831  3.87340  2.48088  3.86152  2.39465  2.69358  2.72647  2.91057  3.12080  5.12273  2.50187    528 q - - -
          2.68618  4.42225  2.77519  2.73123  3.46354  2.40513  3.72494  3.29354  2.67741  2.69355  4.24690  2.90347  2.73739  3.18146  2.89801  2.37887  2.77519  2.98518  4.58477  3.61503
          0.02805  3.98361  4.70596  0.61958  0.77255  0.48576  0.95510
    518   2.08333  4.49189  3.17170  2.66999  4.01570  3.25961  3.77353  3.39766  2.55491  3.04799  3.88735  3.08704  3.78493  2.96732  2.31327  2.29471  2.25530  3.04426  5.31058  4.03631    529 a - - -
          2.68618  4.42225  2.77519  2.73123  3.46354  2.40513  3.72494  3.29354  2.67741  2.69355  4.24690  2.90347  2.73739  3.18146  2.89801  2.37887  2.77519  2.98518  4.58477  3.61503
          0.02805  3.98361  4.70596  0.61958  0.77255  0.48576  0.95510
    519   1.28893  4.16300  3.67391  3.28008  3.95478  3.11685  4.22767  2.90635  3.22074  2.89914  3.87113  3.43465  3.80672  3.53587  3.51035  2.54326  2.42417  2.32612  5.43390  4.22390    530 a - - -
          2.68618  4.42225  2.77519  2.73123  3.46354  2.40513  3.72494  3.29354  2.67741  2.69355  4.24690  2.90347  2.73739  3.18146  2.89801  2.37887  2.77519  2.98518  4.58477  3.61503
          0.02805  3.98361  4.70596  0.61958  0.77255  0.48576  0.95510
    520   3.05096  5.18162  2.53890  0.87715  4.54225  3.34792  3.94569  4.01835  2.84043  3.61809  4.58829  3.00035  3.95810  3.15972  3.25999  3.02271  3.35640  3.69113  5.69292  4.41646    531 e - - -
          2.68618  4.42225  2.77519  2.73123  3.46354  2.40513  3.72494  3.29354  2.67741  2.69355  4.24690  2.90347  2.73739  3.18146  2.89801  2.37887  2.77519  2.98518  4.58477  3.61503
          0.02805  3.98361  4.70596  0.61958  0.77255  0.48576  0.95510
    521   2.67049  4.83582  2.95258  2.51070  4.26621  3.37174  3.66729  3.66412  1.60686  3.24082  4.07043  2.84241  3.84171  2.82079  2.63758  2.53336  2.45494  3.30875  5.42445  4.12868    532 k - - -
          2.68618  4.42225  2.77519  2.73123  3.46354  2.40513  3.72494  3.29354  2.67741  2.69355  4.24690  2.90347  2.73739  3.18146  2.89801  2.37887  2.77519  2.98518  4.58477  3.61503
          0.02805  3.98361  4.70596  0.61958  0.77255  0.48576  0.95510
    522   2.73472  4.36303  3.81835  3.28478  3.38154  3.72610  4.13353  2.39126  3.13745  1.66710  3.09015  3.62324  4.14364  3.48287  3.42453  3.04403  1.99903  2.27542  5.05319  3.83816    533 l - - -
          2.68618  4.42225  2.77519  2.73123  3.46354  2.40513  3.72494  3.29354  2.67741  2.69355  4.24690  2.90347  2.73739  3.18146  2.89801  2.37887  2.77519  2.98518  4.58477  3.61503
          0.02805  3.98361  4.70596  0.61958  0.77255  0.48576  0.95510
    523   3.21460  4.55738  4.74820  4.20724  3.18316  4.47407  4.83465  1.72508  4.05668  1.05570  2.99182  4.47619  4.70498  4.24560  4.22130  3.83117  3.45233  1.91866  5.23270  4.10818    534 l - - -
          2.68618  4.42225  2.77519  2.73123  3.46354  2.40513  3.72494  3.29354  2.67741  2.69355  4.24690  2.90347  2.73739  3.18146  2.89801  2.37887  2.77519  2.98518  4.58477  3.61503
          0.02805  3.98361  4.70596  0.61958  0.77255  0.48576  0.95510
    524   2.60816  5.21106  2.25285  1.95904  4.51897  3.29813  3.63186  3.99599  2.03030  3.49832  4.28738  2.26945  3.79355  2.76221  2.95182  2.67338  2.98073  3.58606  5.65511  4.23182    535 e - - -
          2.68619  4.42226  2.77520  2.73124  3.46355  2.40513  3.72462  3.29355  2.67741  2.69356  4.24690  2.90347  2.73740  3.18147  2.89801  2.37887  2.77520  2.98519  4.58478  3.61504
          0.08465  2.62932  4.70596  0.44877  1.01725  0.48576  0.95510
    525   2.93623  5.47720  1.74123  1.29159  4.76659  3.22621  3.76224  4.27631  2.76483  3.78898  4.64386  2.69594  3.84215  2.92905  3.34658  2.82607  3.22328  3.85814  5.94047  4.45144    537 e - - -
          2.68618  4.42225  2.77519  2.73123  3.46354  2.40513  3.72494  3.29354  2.67741  2.69355  4.24690  2.90347  2.73739  3.18146  2.89801  2.37887  2.77519  2.98518  4.58477  3.61503
          0.02805  3.98361  4.70596  0.61958  0.77255  0.48576  0.95510
    526   1.79783  4.46203  3.12900  2.71353  3.84837  3.30395  3.83148  3.14869  2.70050  2.48082  3.80152  2.39387  3.83436  3.06642  3.07736  2.65270  2.83630  2.85606  5.23396  3.94105    538 a - - -
          2.68618  4.42225  2.77519  2.73123  3.46354  2.40513  3.72494  3.29354  2.67741  2.69355  4.24690  2.90347  2.73739  3.18146  2.89801  2.37887  2.77519  2.98518  4.58477  3.61503
          0.02805  3.98361  4.70596  0.61958  0.77255  0.48576  0.95510
    527   2.76923  5.07078  2.50873  1.88085  4.43173  1.97448  3.70224  3.87070  2.27034  3.42751  4.26123  2.83478  3.83409  2.86122  2.93642  2.74412  3.03827  3.49906  5.61131  4.24195    539 e - - -
          2.68618  4.42225  2.77519  2.73123  3.46354  2.40513  3.72494  3.29354  2.67741  2.69355  4.24690  2.90347  2.73739  3.18146  2.89801  2.37887  2.77519  2.98518  4.58477  3.61503
          0.02805  3.98361  4.70596  0.61958  0.77255  0.48576  0.95510
    528   2.97120  5.52752  1.24842  1.71474  4.81300  3.21484  3.78313  4.33114  2.82310  3.84412  4.71306  2.68416  3.84921  2.95642  3.42522  2.85086  3.26595  3.91010  5.99468  4.49070    540 d - - -
          2.68618  4.42225  2.77519  2.73123  3.46354  2.40513  3.72494  3.29354  2.67741  2.69355  4.24690  2.90347  2.73739  3.18146  2.89801  2.37887  2.77519  2.98518  4.58477  3.61503
          0.02805  3.98361  4.70596  0.61958  0.77255  0.48576  0.95510
    529   2.49033  4.72660  2.89131  2.35386  3.95970  3.41232  3.62577  3.34663  2.02681  2.70894  3.81103  2.87490  3.81214  2.79188  2.83924  2.64497  2.82640  2.66157  5.24041  3.92539    541 k - - -
          2.68618  4.42225  2.77519  2.73123  3.46354  2.40513  3.72494  3.29354  2.67741  2.69355  4.24690  2.90347  2.73739  3.18146  2.89801  2.37887  2.77519  2.98518  4.58477  3.61503
          0.02805  3.98361  4.70596  0.61958  0.77255  0.48576  0.95510
    530   2.20258  4.29278  4.27342  3.73904  3.50543  4.01452  4.49898  1.60493  3.64443  2.14141  3.36965  4.00882  4.39499  3.92347  3.89568  3.34877  3.10972  1.48401  5.24379  4.03836    542 v - - -
          2.68618  4.42225  2.77519  2.73123  3.46354  2.40513  3.72494  3.29354  2.67741  2.69355  4.24690  2.90347  2.73739  3.18146  2.89801  2.37887  2.77519  2.98518  4.58477  3.61503
          0.02805  3.98361  4.70596  0.61958  0.77255  0.48576  0.95510
    531   2.60605  4.83726  1.91833  2.34574  4.31611  3.23274  3.72989  3.74308  2.60865  3.34201  4.16122  2.86480  3.43941  2.89193  3.09569  2.49704  2.08463  3.34973  5.56017  4.19060    543 d - - -
          2.68618  4.42225  2.77519  2.73123  3.46354  2.40513  3.72494  3.29354  2.67741  2.69355  4.24690  2.90347  2.73739  3.18146  2.89801  2.37887  2.77519  2.98518  4.58477  3.61503
          0.02805  3.98361  4.70596  0.61958  0.77255  0.48576  0.95510
    532   2.49164  5.18086  2.24992  1.81211  4.48450  3.30069  3.62145  3.96123  2.29187  3.46736  4.25135  2.66019  3.78484  2.51654  2.95159  2.55757  2.95351  3.55254  5.62822  4.20624    544 e - - -
          2.68618  4.42225  2.77515  2.73123  3.46354  2.40513  3.72495  3.29354  2.67741  2.69355  4.24690  2.90347  2.73740  3.18146  2.89801  2.37887  2.77520  2.98518  4.58477  3.61503
          0.04679  3.30570  4.70596  0.54875  0.86198  0.48576  0.95510
    533   2.90306  5.46068  1.56172  1.52918  4.75513  3.22056  3.74102  4.26479  2.73509  3.76858  4.60828  2.68385  3.82857  2.90227  3.32047  2.63471  3.18758  3.83881  5.93204  4.43278    546 e - - -
          2.68618  4.42225  2.77519  2.73123  3.46354  2.40513  3.72494  3.29354  2.67741  2.69355  4.24690  2.90347  2.73739  3.18146  2.89801  2.37887  2.77519  2.98518  4.58477  3.61503
          0.02805  3.98361  4.70596  0.61958  0.77255  0.48576  0.95510
    534   2.64331  4.67852  3.07574  2.56396  3.91254  3.44816  3.66552  3.28559  2.31178  2.39846  3.78909  3.04247  3.85990  2.12456  2.74739  2.62313  2.66986  3.00478  5.20517  3.92092    547 q - - -
          2.68618  4.42225  2.77519  2.73123  3.46354  2.40513  3.72494  3.29354  2.67741  2.69355  4.24690  2.90347  2.73739  3.18146  2.89801  2.37887  2.77519  2.98518  4.58477  3.61503
          0.02805  3.98361  4.70596  0.61958  0.77255  0.48576  0.95510
    535   2.73592  5.01040  2.99516  2.34261  4.34548  3.04549  3.58570  3.75453  1.64539  3.27412  4.08530  2.96225  3.85569  2.63086  2.28976  2.72990  2.95009  3.25107  5.42140  4.12052    548 k - - -
          2.68618  4.42225  2.77519  2.73123  3.46354  2.40513  3.72494  3.29354  2.67741  2.69355  4.24690  2.90347  2.73739  3.18146  2.89801  2.37887  2.77519  2.98518  4.58477  3.61503
          0.02805  3.98361  4.70596  0.61958  0.77255  0.48576  0.95510
    536   2.31213  4.78109  2.72844  2.00832  4.05819  3.35609  3.64281  3.08180  2.46775  3.07865  3.90308  2.91270  3.79517  2.80268  2.93071  2.28606  2.84272  3.12818  5.33034  3.99225    549 e - - -
          2.68618  4.42225  2.77519  2.73123  3.46354  2.40513  3.72494  3.29354  2.67741  2.69355  4.24690  2.90347  2.73739  3.18146  2.89801  2.37887  2.77519  2.98518  4.58477  3.61503
          0.02805  3.98361  4.70596  0.61958  0.77255  0.48576  0.95510
    537   2.66689  5.08695  2.35127  2.23153  4.40972  3.36093  3.58018  3.86561  1.96124  3.36940  4.14762  2.83864  3.78936  2.60913  2.39927  2.48350  2.89836  3.46859  5.51776  4.13967    550 k - - -
          2.68618  4.42225  2.77519  2.73123  3.46354  2.40513  3.72494  3.29354  2.67741  2.69355  4.24690  2.90347  2.73739  3.18146  2.89801  2.37887  2.77519  2.98518  4.58477  3.61503
          0.02805  3.98361  4.70596  0.61958  0.77255  0.48576  0.95510
    538   3.09911  4.41061  4.78184  4.26692  3.50673  4.45600  4.96929  1.31179  4.15252  1.93432  3.31284  4.50168  4.74289  4.40595  4.35106  3.82932  3.35582  1.25076  5.47490  4.28126    551 v - - -
          2.68618  4.42225  2.77519  2.73123  3.46354  2.40513  3.72494  3.29354  2.67741  2.69355  4.24690  2.90347  2.73739  3.18146  2.89801  2.37887  2.77519  2.98518  4.58477  3.61503
          0.02805  3.98361  4.70596  0.61958  0.77255  0.48576  0.95510
    539   2.62939  4.91076  2.78592  1.96561  4.20478  3.35856  3.61337  3.63373  2.37893  3.05620  4.00995  2.44885  3.79341  2.75389  2.72489  2.53709  2.51073  3.28055  5.41048  4.05687    552 e - - -
          2.68618  4.42225  2.77519  2.73123  3.46354  2.40513  3.72494  3.29354  2.67741  2.69355  4.24690  2.90347  2.73739  3.18146  2.89801  2.37887  2.77519  2.98518  4.58477  3.61503
          0.02805  3.98361  4.70596  0.61958  0.77255  0.48576  0.95510
    540   2.03904  4.96168  2.23990  2.29538  4.30661  3.29993  3.65098  3.75046  2.23535  3.31323  4.11792  2.72552  3.78635  2.79515  2.96204  2.44944  2.90857  3.37352  5.51485  4.13614    553 a - - -
          2.68618  4.42225  2.77519  2.73123  3.46354  2.40513  3.72494  3.29354  2.67741  2.69355  4.24690  2.90347  2.73739  3.18146  2.89801  2.37887  2.77519  2.98518  4.58477  3.61503
          0.02805  3.98361  4.70596  0.61958  0.77255  0.48576  0.95510
    541   1.97639  4.71756  2.90443  2.26339  3.98694  3.02806  3.65336  3.21688  2.40585  3.01330  3.84660  2.95258  3.80802  2.71792  2.90089  2.57830  2.83996  3.07604  5.27402  3.95709    554 a - - -
          2.68618  4.42225  2.77519  2.73123  3.46354  2.40513  3.72494  3.29354  2.67741  2.69355  4.24690  2.90347  2.73739  3.18146  2.89801  2.37887  2.77519  2.98518  4.58477  3.61503
          0.02805  3.98361  4.70596  0.61958  0.77255  0.48576  0.95510
    542   2.85942  4.27661  4.35494  3.81197  3.43937  4.05957  4.49857  1.40971  3.69341  2.15046  3.14706  4.05899  4.41652  3.96465  3.91519  3.13460  3.11562  1.49474  5.17791  3.97305    555 i - - -
          2.68618  4.42225  2.77519  2.73123  3.46354  2.40513  3.72494  3.29354  2.67741  2.69355  4.24690  2.90347  2.73739  3.18146  2.89801  2.37887  2.77519  2.98518  4.58477  3.61503
          0.02805  3.98361  4.70596  0.61958  0.77255  0.48576  0.95510
    543   2.58239  5.12403  2.21674  1.96312  4.43790  3.32708  3.59673  3.90558  2.11167  3.41141  4.18891  2.80041  3.78085  2.71808  2.62102  2.54540  2.91288  3.50062  5.56689  4.16447    556 e - - -
          2.68618  4.42225  2.77519  2.73123  3.46354  2.40513  3.72494  3.29354  2.67741  2.69355  4.24690  2.90347  2.73739  3.18146  2.89801  2.37887  2.77519  2.98518  4.58477  3.61503
          0.02805  3.98361  4.70596  0.61958  0.77255  0.48576  0.95510
    544   2.68725  5.38818  1.42379  1.80129  4.70025  3.22451  3.73644  4.18887  2.71835  3.71072  4.54752  2.69763  3.82411  2.89715  3.29387  2.65189  3.15693  3.77221  5.88708  4.40418    557 d - - -
          2.68618  4.42225  2.77519  2.73123  3.46354  2.40513  3.72494  3.29354  2.67741  2.69355  4.24690  2.90347  2.73739  3.18146  2.89801  2.37887  2.77519  2.98518  4.58477  3.61503
          0.02805  3.98361  4.70596  0.61958  0.77255  0.48576  0.95510
    545   3.08886  4.49269  4.54133  4.03709  3.26042  4.25839  4.70662  2.01057  3.87175  1.20949  3.11602  4.29206  4.58609  4.13187  4.06410  3.63428  3.35274  1.53980  5.22399  4.03551    558 l - - -
          2.68618  4.42225  2.77519  2.73123  3.46354  2.40513  3.72494  3.29354  2.67741  2.69355  4.24690  2.90347  2.73739  3.18146  2.89801  2.37887  2.77519  2.98518  4.58477  3.61503
          0.02805  3.98361  4.70596  0.61958  0.77255  0.48576  0.95510
    546   2.88103  5.15076  3.12197  2.25980  4.55271  3.54308  3.57976  3.93585  1.63201  3.39299  4.21752  3.03152  3.92639  2.52931  1.82768  2.85707  3.07084  3.58150  5.47370  4.22488    559 k - - -
          2.68618  4.42225  2.77519  2.73123  3.46354  2.40513  3.72494  3.29354  2.67741  2.69355  4.24690  2.90347  2.73739  3.18146  2.89801  2.37887  2.77519  2.98518  4.58477  3.61503
          0.02805  3.98361  4.70596  0.61958  0.77255  0.48576  0.95510
    547   2.40056  5.08831  2.42689  1.87902  4.39436  3.32298  3.61670  3.84721  2.03281  3.37845  4.17019  2.80743  3.78919  2.74723  2.88820  2.64773  2.80536  3.45945  5.55368  4.15892    560 e - - -
          2.68618  4.42225  2.77519  2.73123  3.46354  2.40513  3.72494  3.29354  2.67741  2.69355  4.24690  2.90347  2.73739  3.18146  2.89801  2.37887  2.77519  2.98518  4.58477  3.61503
          0.02805  3.98361  4.70596  0.61958  0.77255  0.48576  0.95510
    548   1.68599  4.26124  3.86715  3.39735  3.63807  3.51962  4.27525  2.31477  3.30457  2.32816  3.54634  3.64401  4.07208  3.62573  3.59053  2.89978  2.93595  1.68091  5.26087  4.03367    561 v - - -
          2.68618  4.42225  2.77519  2.73123  3.46354  2.40513  3.72494  3.29354  2.67741  2.69355  4.24690  2.90347  2.73739  3.18146  2.89801  2.37887  2.77519  2.98518  4.58477  3.61503
          0.02805  3.98361  4.70596  0.61958  0.77255  0.48576  0.95510
    549   2.96608  4.43810  4.22550  3.66977  3.16781  4.07918  4.36822  1.94147  3.49689  1.21290  3.03686  3.97874  4.38602  3.41109  3.71925  3.39169  3.19935  2.16314  5.01486  3.84791    562 l - - -
          2.68618  4.42225  2.77519  2.73123  3.46354  2.40513  3.72494  3.29354  2.67741  2.69355  4.24690  2.90347  2.73739  3.18146  2.89801  2.37887  2.77519  2.98518  4.58477  3.61503
          0.02805  3.98361  4.70596  0.61958  0.77255  0.48576  0.95510
    550   2.64003  5.26063  2.05494  1.56616  4.56276  3.26744  3.67324  4.04240  2.44290  3.55742  4.36412  2.73839  3.80422  2.81643  3.09213  2.48228  3.04157  3.63535  5.72855  4.28635    563 e - - -
          2.68618  4.42225  2.77519  2.73123  3.46354  2.40513  3.72494  3.29354  2.67741  2.69355  4.24690  2.90347  2.73739  3.18146  2.89801  2.37887  2.77519  2.98518  4.58477  3.61503
          0.08465  3.98361  2.77178  0.61958  0.77255  0.48576  0.95510
    551   2.72179  5.11643  2.04520  1.93826  4.46283  2.28700  3.67409  3.92875  2.57789  3.47196  4.28680  2.74404  3.78043  2.82592  3.10573  2.55368  2.81379  3.53146  5.66387  4.24158    564 e - - -
          2.68618  4.42225  2.77519  2.73123  3.46354  2.40513  3.72494  3.29354  2.67741  2.69355  4.24690  2.90347  2.73739  3.18146  2.89801  2.37887  2.77519  2.98518  4.58477  3.61503
          0.02966  3.92862  4.65097  0.61958  0.77255  0.45389  1.00827
    552   2.73900  5.21326  2.21385  1.95586  4.52483  3.09666  3.62820  3.99911  1.84581  3.49692  4.28676  2.77522  3.79878  2.62783  2.90692  2.68044  2.98461  3.59044  5.64822  4.23256    565 k - - -
          2.68618  4.42225  2.77519  2.73123  3.46354  2.40513  3.72494  3.29354  2.67741  2.69355  4.24690  2.90347  2.73739  3.18146  2.89801  2.37887  2.77519  2.98518  4.58477  3.61503
          0.02805  3.98361  4.70596  0.61958  0.77255  0.48576  0.95510
    553   2.94615  5.52857  1.27634  1.86464  4.80947  3.20974  3.76090  4.33606  2.78977  3.83254  4.68561  2.39581  3.83742  2.92887  3.39273  2.82560  3.23705  3.90578  5.99218  4.47491    566 d - - -
          2.68618  4.42225  2.77519  2.73123  3.46354  2.40513  3.72494  3.29354  2.67741  2.69355  4.24690  2.90347  2.73739  3.18146  2.89801  2.37887  2.77519  2.98518  4.58477  3.61503
          0.02805  3.98361  4.70596  0.61958  0.77255  0.48576  0.95510
    554   2.12534  4.27886  3.45275  2.89339  3.46630  3.50710  3.82882  2.44657  2.83966  2.43153  3.24073  3.28879  3.12898  3.15059  3.19258  2.70561  2.64167  2.41546  4.92211  3.68720    567 a - - -
          2.68622  4.42229  2.77515  2.73119  3.46358  2.40516  3.72498  3.29343  2.67736  2.69359  4.24693  2.90350  2.73743  3.18150  2.89804  2.37887  2.77501  2.98522  4.58481  3.61507
          0.17158  1.90631  4.70596  0.66114  0.72621  0.48576  0.95510
    555   2.86743  5.43544  1.78208  1.52884  4.72111  3.23966  3.70651  4.23200  2.65032  3.71840  4.53818  2.55726  3.81892  2.55779  3.21356  2.76566  3.13822  3.80393  5.87410  4.38918    570 e - - -
          2.68618  4.42225  2.77519  2.73123  3.46354  2.40513  3.72494  3.29354  2.67741  2.69355  4.24690  2.90347  2.73739  3.18146  2.89801  2.37887  2.77519  2.98518  4.58477  3.61503
          0.02805  3.98361  4.70596  0.61958  0.77255  0.48576  0.95510
    556   2.36564  5.02839  2.44609  1.90483  4.32006  3.33322  3.59855  3.50165  2.25663  3.31171  4.09830  2.63317  3.77638  2.72625  2.88068  2.61563  2.87988  3.39064  5.49579  4.10649    571 e - - -
          2.68618  4.42225  2.77519  2.73123  3.46354  2.40513  3.72494  3.29354  2.67741  2.69355  4.24690  2.90347  2.73739  3.18146  2.89801  2.37887  2.77519  2.98518  4.58477  3.61503
          0.02805  3.98361  4.70596  0.61958  0.77255  0.48576  0.95510
    557   2.99071  4.36850  4.51293  3.95408  3.22311  4.21868  4.54625  1.48447  3.82677  1.54284  3.10370  4.19806  4.50543  4.04008  4.00918  3.54239  3.22598  1.77273  5.07580  3.57100    572 i - - -
          2.68618  4.42225  2.77519  2.73123  3.46354  2.40513  3.72494  3.29354  2.67741  2.69355  4.24690  2.90347  2.73739  3.18146  2.89801  2.37887  2.77519  2.98518  4.58477  3.61503
          0.02805  3.98361  4.70596  0.61958  0.77255  0.48576  0.95510
    558   2.82081  5.10362  2.91774  2.08896  4.46817  3.46674  3.60485  3.86637  1.52227  3.36583  4.19008  2.96500  3.88825  2.73678  2.33645  2.79986  2.90984  3.51153  5.48846  4.19899    573 k - - -
          2.68618  4.42225  2.77519  2.73123  3.46354  2.40513  3.72494  3.29354  2.67741  2.69355  4.24690  2.90347  2.73739  3.18146  2.89801  2.37887  2.77519  2.98518  4.58477  3.61503
          0.02805  3.98361  4.70596  0.61958  0.77255  0.48576  0.95510
    559   2.19770  4.77797  2.64634  2.26688  4.13611  3.31037  3.65520  3.56050  2.48135  3.15663  3.96790  2.90283  3.26830  2.80875  2.95131  2.26288  2.50278  3.20426  5.38825  4.04287    574 a - - -
          2.68618  4.42225  2.77519  2.73123  3.46354  2.40513  3.72494  3.29354  2.67741  2.69355  4.24690  2.90347  2.73739  3.18146  2.89801  2.37887  2.77519  2.98518  4.58477  3.61503
          0.02805  3.98361  4.70596  0.61958  0.77255  0.48576  0.95510
    560   2.29154  4.56261  3.23288  2.68494  3.80067  3.48156  3.73845  2.99840  1.93006  2.49021  3.68755  3.13908  3.89540  2.94773  2.85290  2.74937  2.87086  2.51915  5.16579  3.89724    575 k - - -
          2.68618  4.42225  2.77519  2.73123  3.46354  2.40513  3.72494  3.29354  2.67741  2.69355  4.24690  2.90347  2.73739  3.18146  2.89801  2.37887  2.77519  2.98518  4.58477  3.61503
          0.02805  3.98361  4.70596  0.61958  0.77255  0.48576  0.95510
    561   2.57290  4.30164  3.54380  3.00746  3.49799  3.50946  3.92318  2.65165  2.89740  2.26868  2.92322  3.37144  3.95851  3.24580  3.22138  2.69303  1.87789  2.45097  5.00139  3.76517    576 t - - -
          2.68618  4.42225  2.77519  2.73123  3.46354  2.40513  3.72494  3.29354  2.67741  2.69355  4.24690  2.90347  2.73739  3.18146  2.89801  2.37887  2.77519  2.98518  4.58477  3.61503
          0.02805  3.98361  4.70596  0.61958  0.77255  0.48576  0.95510
    562   2.67589  5.31673  2.06852  1.28222  4.63210  3.24055  3.73735  4.08921  2.68741  3.64192  4.48712  2.72661  3.83020  2.89976  3.23202  2.77944  3.14058  3.69294  5.82707  4.36966    577 e - - -
          2.68618  4.42225  2.77519  2.73123  3.46354  2.40513  3.72494  3.29354  2.67741  2.69355  4.24690  2.90347  2.73739  3.18146  2.89801  2.37887  2.77519  2.98518  4.58477  3.61503
          0.02805  3.98361  4.70596  0.61958  0.77255  0.48576  0.95510
    563   2.10949  4.96051  2.51781  2.14569  4.25970  3.33315  3.61966  3.69833  2.16651  3.26029  4.06083  2.84392  3.78551  2.75803  2.89652  2.46553  2.79086  3.33301  5.46296  4.09059    578 a - - -
          2.68618  4.42225  2.77519  2.73123  3.46354  2.40513  3.72494  3.29354  2.67741  2.69355  4.24690  2.90347  2.73739  3.18146  2.89801  2.37887  2.77519  2.98518  4.58477  3.61503
          0.02805  3.98361  4.70596  0.61958  0.77255  0.48576  0.95510
    564   3.25268  4.65277  4.58139  4.09540  3.09230  4.36751  4.70170  2.06656  3.86131  0.87591  2.98307  4.36941  4.65332  4.13381  4.03031  3.76743  3.50599  2.22775  5.12105  3.90618    579 l - - -
          2.68618  4.42225  2.77519  2.73123  3.46354  2.40513  3.72494  3.29354  2.67741  2.69355  4.24690  2.90347  2.73739  3.18146  2.89801  2.37887  2.77519  2.98518  4.58477  3.61503
          0.02805  3.98361  4.70596  0.61958  0.77255  0.48576  0.95510
    565   2.52716  4.76410  2.90228  2.45589  4.13383  3.34230  3.66333  3.54359  2.32568  3.14164  3.96545  2.95270  3.80449  2.21486  2.81982  2.17452  2.46232  3.19853  5.36767  4.04917    580 s - - -
          2.68618  4.42225  2.77519  2.73123  3.46354  2.40513  3.72494  3.29354  2.67741  2.69355  4.24690  2.90347  2.73739  3.18146  2.89801  2.37887  2.77519  2.98518  4.58477  3.61503
          0.02805  3.98361  4.70596  0.61958  0.77255  0.48576  0.95510
    566   2.58783  5.14662  2.40502  1.82843  4.45495  3.31154  3.62230  3.92184  2.02273  3.43627  4.22553  2.67917  3.79077  2.75212  2.91241  2.47192  2.95093  3.52247  5.60092  4.19326    581 e - - -
          2.68618  4.42225  2.77519  2.73123  3.46354  2.40513  3.72494  3.29354  2.67741  2.69355  4.24690  2.90347  2.73739  3.18146  2.89801  2.37887  2.77519  2.98518  4.58477  3.61503
          0.02805  3.98361  4.70596  0.61958  0.77255  0.48576  0.95510
    567   2.29775  4.72385  2.77216  2.19694  3.96844  3.38892  3.62078  3.20086  2.43563  2.99253  3.57038  2.94149  3.79261  2.78178  2.89271  2.45996  2.51732  3.05277  5.25220  3.92587    582 e - - -
          2.68618  4.42225  2.77519  2.73123  3.46354  2.40513  3.72494  3.29354  2.67741  2.69355  4.24690  2.90347  2.73739  3.18146  2.89801  2.37887  2.77519  2.98518  4.58477  3.61503
          0.02805  3.98361  4.70596  0.61958  0.77255  0.48576  0.95510
    568   3.09617  4.42334  4.72621  4.17447  3.31516  4.40983  4.80576  1.63850  4.06555  1.50303  2.90001  4.41933  4.66142  4.25628  4.23889  3.75181  3.33369  1.41595  5.27346  4.14021    583 v - - -
          2.68618  4.42225  2.77519  2.73123  3.46354  2.40513  3.72494  3.29354  2.67741  2.69355  4.24690  2.90347  2.73739  3.18146  2.89801  2.37887  2.77519  2.98518  4.58477  3.61503
          0.02805  3.98361  4.70596  0.61958  0.77255  0.48576  0.95510
    569   2.70680  4.82266  2.91157  2.49082  3.71480  3.43778  3.63334  3.48044  2.42682  3.06657  3.93102  2.58163  3.87059  2.04953  2.81327  2.74210  2.94305  3.17981  5.08631  2.66614    584 q - - -
          2.68618  4.42225  2.77519  2.73123  3.46354  2.40513  3.72494  3.29354  2.67741  2.69355  4.24690  2.90347  2.73739  3.18146  2.89801  2.37887  2.77519  2.98518  4.58477  3.61503
          0.02805  3.98361  4.70596  0.61958  0.77255  0.48576  0.95510
    570   2.77654  5.11612  2.49226  1.46920  4.45036  3.30518  3.69057  3.89211  2.39069  3.44295  4.27508  2.82010  2.86037  2.84437  2.94212  2.74115  3.03947  3.51928  5.62404  4.24188    585 e - - -
          2.68618  4.42225  2.77519  2.73123  3.46354  2.40513  3.72494  3.29354  2.67741  2.69355  4.24690  2.90347  2.73739  3.18146  2.89801  2.37887  2.77519  2.98518  4.58477  3.61503
          0.02805  3.98361  4.70596  0.61958  0.77255  0.48576  0.95510
    571   3.11004  4.42383  4.78151  4.26747  3.48288  4.45908  4.96674  1.19834  4.14718  1.89840  3.28976  4.50440  4.74409  4.39926  4.34340  3.83379  3.36677  1.39506  5.46265  4.27237    586 i - - -
          2.68618  4.42225  2.77519  2.73123  3.46354  2.40513  3.72494  3.29354  2.67741  2.69355  4.24690  2.90347  2.73739  3.18146  2.89801  2.37887  2.77519  2.98518  4.58477  3.61503
          0.02805  3.98361  4.70596  0.61958  0.77255  0.48576  0.95510
    572   2.09889  4.18982  3.32500  3.01947  4.29672  1.73428  4.13708  3.70936  3.09881  3.38456  4.20128  3.23140  3.67661  3.38624  3.44182  1.78807  2.33357  3.16810  5.62304  4.39799    587 g - - -
          2.68618  4.42225  2.77519  2.73123  3.46354  2.40513  3.72494  3.29354  2.67741  2.69355  4.24690  2.90347  2.73739  3.18146  2.89801  2.37887  2.77519  2.98518  4.58477  3.61503
          0.02805  3.98361  4.70596  0.61958  0.77255  0.48576  0.95510
    573   2.29427  4.54143  3.14949  2.65155  3.94997  3.34282  3.75389  3.23411  2.09817  2.95681  3.82431  3.09118  3.82828  2.95092  2.89382  2.64986  2.03683  2.78731  5.26628  3.99129    588 t - - -
          2.68618  4.42225  2.77519  2.73123  3.46354  2.40513  3.72494  3.29354  2.67741  2.69355  4.24690  2.90347  2.73739  3.18146  2.89801  2.37887  2.77519  2.98518  4.58477  3.61503
          0.02805  3.98361  4.70596  0.61958  0.77255  0.48576  0.95510
    574   2.23402  4.88181  2.90499  2.25501  4.16212  3.39615  3.59504  3.58275  2.15158  3.15294  3.95994  2.91319  3.80172  2.37555  2.66200  2.55154  2.85520  3.08430  5.35894  4.02339    589 k - - -
          2.68618  4.42225  2.77519  2.73123  3.46354  2.40513  3.72494  3.29354  2.67741  2.69355  4.24690  2.90347  2.73739  3.18146  2.89801  2.37887  2.77519  2.98518  4.58477  3.61503
          0.02805  3.98361  4.70596  0.61958  0.77255  0.48576  0.95510
    575   2.60518  4.33569  3.95278  3.39799  3.16818  3.84144  4.11706  2.40615  3.24960  1.80595  1.84618  3.71456  4.19520  3.55005  3.50065  3.13866  3.02966  2.33726  4.86738  3.34846    590 l - - -
          2.68618  4.42225  2.77519  2.73123  3.46354  2.40513  3.72494  3.29354  2.67741  2.69355  4.24690  2.90347  2.73739  3.18146  2.89801  2.37887  2.77519  2.98518  4.58477  3.61503
          0.02805  3.98361  4.70596  0.61958  0.77255  0.48576  0.95510
    576   3.17324  4.67500  4.02885  3.63377  2.31095  3.98888  3.65119  2.73646  3.44070  2.49721  3.70464  3.77364  4.38746  3.72407  3.63935  3.36603  3.43124  2.86438  3.97660  1.11250    591 y - - -
          2.68618  4.42225  2.77519  2.73123  3.46354  2.40513  3.72494  3.29354  2.67741  2.69355  4.24690  2.90347  2.73739  3.18146  2.89801  2.37887  2.77519  2.98518  4.58477  3.61503
          0.02805  3.98361  4.70596  0.61958  0.77255  0.48576  0.95510
    577   2.74835  5.12301  2.49553  2.15246  4.42704  3.34006  3.63689  3.87460  2.29327  3.40137  4.21169  2.82533  3.49499  1.75561  2.82271  2.71035  2.99016  3.49947  5.57018  4.19362    592 q - - -
          2.68618  4.42225  2.77519  2.73123  3.46354  2.40513  3.72494  3.29354  2.67741  2.69355  4.24690  2.90347  2.73739  3.18146  2.89801  2.37887  2.77519  2.98518  4.58477  3.61503
          0.02805  3.98361  4.70596  0.61958  0.77255  0.48576  0.95510
    578   2.40608  4.98151  2.72246  2.32657  4.28723  3.23950  3.58352  3.73084  2.05805  3.26774  4.05460  2.74795  3.78307  2.32584  2.67852  2.46140  2.86121  3.35540  5.44564  4.07999    593 k - - -
          2.68618  4.42225  2.77519  2.73123  3.46354  2.40513  3.72494  3.29354  2.67741  2.69355  4.24690  2.90347  2.73739  3.18146  2.89801  2.37887  2.77519  2.98518  4.58477  3.61503
          0.02805  3.98361  4.70596  0.61958  0.77255  0.48576  0.95510
    579   1.68327  4.58523  2.93183  2.59062  4.13993  3.00223  3.80559  3.53513  2.60631  3.17665  4.02887  3.03271  3.79715  2.18953  2.98773  2.61931  2.86630  3.16633  5.42459  4.12794    594 a - - -
          2.68618  4.42225  2.77519  2.73123  3.46354  2.40513  3.72494  3.29354  2.67741  2.69355  4.24690  2.90347  2.73739  3.18146  2.89801  2.37887  2.77519  2.98518  4.58477  3.61503
          0.02805  3.98361  4.70596  0.61958  0.77255  0.48576  0.95510
    580   1.84097  4.58974  2.94668  2.57465  4.13084  3.23676  3.78230  3.53459  2.58099  3.16782  4.01048  3.02165  3.78894  2.16622  2.97196  2.29275  2.84808  3.16352  5.41099  4.10898    595 a - - -
          2.68618  4.42225  2.77519  2.73123  3.46354  2.40513  3.72494  3.29354  2.67741  2.69355  4.24690  2.90347  2.73739  3.18146  2.89801  2.37887  2.77519  2.98518  4.58477  3.61503
          0.02805  3.98361  4.70596  0.61958  0.77255  0.48576  0.95510
    581   2.33970  4.90021  2.64222  2.33471  4.20810  3.21645  3.60862  3.64545  2.33305  3.21096  4.00810  2.86675  3.51067  2.20115  2.86732  2.52343  2.64954  3.28197  5.41690  4.05413    596 q - - -
          2.68618  4.42225  2.77519  2.73123  3.46354  2.40513  3.72494  3.29354  2.67741  2.69355  4.24690  2.90347  2.73739  3.18146  2.89801  2.37887  2.77519  2.98518  4.58477  3.61503
          0.02805  3.98361  4.70596  0.61958  0.77255  0.48576  0.95510
    582   2.22083  4.89294  2.76863  2.19398  4.20327  3.34378  3.62439  3.63398  2.40691  3.20654  4.01310  2.77573  3.50413  2.23455  2.86233  2.54499  2.75809  3.27808  5.41748  4.06338    597 e - - -
          2.68618  4.42225  2.77519  2.73123  3.46354  2.40513  3.72494  3.29354  2.67741  2.69355  4.24690  2.90347  2.73739  3.18146  2.89801  2.37887  2.77519  2.98518  4.58477  3.61503
          0.02805  3.98361  4.70596  0.61958  0.77255  0.48576  0.95510
    583   2.16013  4.63732  2.99780  2.49496  3.93026  2.94535  3.66609  3.33207  2.49104  2.96518  3.80004  2.98600  3.52478  2.44942  2.92510  2.62120  2.53849  3.01998  5.23480  3.62814    598 a - - -
          2.68618  4.42225  2.77519  2.73123  3.46354  2.40513  3.72494  3.29354  2.67741  2.69355  4.24690  2.90347  2.73739  3.18146  2.89801  2.37887  2.77519  2.98518  4.58477  3.61503
          0.08668  3.98361  2.74244  0.61958  0.77255  0.48576  0.95510
    584   2.31260  4.61545  2.87697  2.49131  4.14999  2.65996  3.72754  3.56761  2.53848  3.17836  4.00132  2.95875  3.75475  2.16817  2.95862  2.27726  2.68191  3.18447  5.41007  4.09636    599 q - - -
          2.68618  4.42225  2.77519  2.73123  3.46354  2.40513  3.72494  3.29354  2.67741  2.69355  4.24690  2.90347  2.73739  3.18146  2.89801  2.37887  2.77519  2.98518  4.58477  3.61503
          0.05107  3.92665  3.50399  0.61958  0.77255  0.45286  1.01007
    585   1.87400  4.55062  2.98235  2.55779  4.07229  3.04986  3.75371  3.48105  2.58465  3.10958  3.93804  3.00869  3.52314  2.39237  3.00250  2.36485  2.66916  3.11200  5.36117  4.06148    600 a - - -
          2.68618  4.42225  2.77519  2.73123  3.46354  2.40513  3.72494  3.29354  2.67741  2.69355  4.24690  2.90347  2.73739  3.18146  2.89801  2.37887  2.77519  2.98518  4.58477  3.61503
          0.02861  3.96405  4.68640  0.61958  0.77255  0.47371  0.97468
    586   2.21305  4.70784  2.64874  2.42989  4.17832  2.22882  3.72101  3.60438  2.57275  3.20828  4.02682  2.92549  3.77289  2.62482  3.03298  2.41150  2.71092  3.22771  5.44240  4.10650    601 a - - -
          2.68599  4.42229  2.77524  2.73122  3.46358  2.40512  3.72499  3.29358  2.67745  2.69359  4.24694  2.90351  2.73744  3.18102  2.89805  2.37891  2.77524  2.98523  4.58481  3.61507
          0.35760  2.40952  1.55690  1.02614  0.44377  0.48576  0.95510
    587   1.89256  4.32275  2.88701  2.62780  4.05906  2.20764  3.84668  3.44771  2.72728  3.12426  3.98871  3.00395  3.66736  2.81077  3.09065  2.46195  2.73385  3.04069  5.38575  4.11033    611 a - - -
          2.68618  4.42225  2.77519  2.73123  3.46354  2.40513  3.72494  3.29354  2.67741  2.69355  4.24690  2.90347  2.73739  3.18146  2.89801  2.37887  2.77519  2.98518  4.58477  3.61503
          0.03526  3.75828  4.48063  0.61958  0.77255  0.41336  1.08301
    588   2.07624  4.77804  2.76374  2.24152  4.14502  2.81466  3.66623  3.57085  2.49617  3.16688  3.98463  2.77279  3.54581  2.69547  2.95779  2.36665  2.85220  3.21571  5.39973  4.05738    612 a - - -
          2.68603  4.42232  2.77507  2.73130  3.46361  2.40493  3.72501  3.29361  2.67748  2.69362  4.24697  2.90354  2.73746  3.18105  2.89808  2.37894  2.77526  2.98525  4.58484  3.61510
          0.31147  2.38736  1.73866  1.33892  0.30399  0.50900  0.91903
    589   2.55566  4.33716  3.20974  3.09884  4.23669  0.89078  4.22228  3.81572  3.26688  3.48127  4.45852  3.37477  3.72525  3.59905  3.51072  2.72540  3.02970  3.36259  5.35417  4.33637    629 g - - -
          2.68618  4.42225  2.77519  2.73123  3.46354  2.40513  3.72494  3.29354  2.67741  2.69355  4.24690  2.90347  2.73739  3.18146  2.89801  2.37887  2.77519  2.98518  4.58477  3.61503
          0.03456  3.77818  4.50053  0.61958  0.77255  0.51321  0.91272
    590   2.14910  4.74269  2.71329  2.26558  4.13502  2.60065  3.67421  3.55173  2.49723  3.15777  3.98829  2.88694  3.77016  2.47392  2.93484  2.51143  2.86243  3.20022  5.39437  4.06254    630 a - - -
          2.68618  4.42225  2.77519  2.73123  3.46354  2.40513  3.72494  3.29354  2.67741  2.69355  4.24690  2.90347  2.73739  3.18146  2.89801  2.37887  2.77519  2.98518  4.58477  3.61503
          0.03090  3.88835  4.61069  0.61958  0.77255  0.50031  0.93228
    591   1.84855  4.61606  2.87271  2.40013  4.03961  3.07474  3.71993  3.44106  2.55569  3.07388  3.91166  2.96815  3.78038  2.62033  2.97779  2.41758  2.70812  3.09902  5.33383  4.02757    631 a - - -
          2.68618  4.42225  2.77519  2.73123  3.46354  2.40513  3.72494  3.29354  2.67741  2.69355  4.24690  2.90347  2.73739  3.18146  2.89801  2.37887  2.77519  2.98518  4.58477  3.61503
          0.02937  3.93812  4.66046  0.61958  0.77255  0.49853  0.93503
    592   2.00228  4.53950  2.83020  2.55580  4.20959  1.93899  3.84040  3.63540  2.71455  3.26422  4.09840  2.65938  3.75482  2.84432  3.12828  2.56305  2.83900  3.22103  5.49795  4.19193    632 g - - -
          2.68618  4.42225  2.77519  2.73123  3.46354  2.40513  3.72494  3.29354  2.67741  2.69355  4.24690  2.90347  2.73739  3.18146  2.89801  2.37887  2.77519  2.98518  4.58477  3.61503
          0.02878  3.95819  4.68053  0.61958  0.77255  0.51106  0.91594
    593   2.34193  4.64506  2.89083  2.48767  4.13350  2.34421  3.71776  3.55501  2.52561  3.16169  3.98382  2.81792  3.76997  2.75159  2.77102  2.13353  2.82596  3.18257  5.39460  4.07925    633 s - - -
          2.68555  4.42260  2.77532  2.73158  3.46389  2.40347  3.72529  3.29389  2.67775  2.69390  4.24419  2.90375  2.73719  3.18181  2.89835  2.37918  2.77554  2.98553  4.58512  3.61538
          0.18181  1.85170  4.68053  2.36089  0.09909  0.51106  0.91594
    594   2.20016  4.85438  2.67186  2.27825  4.13678  2.95824  3.46966  3.56730  2.42191  3.14987  3.95647  2.76714  3.57578  2.67111  2.89721  2.52428  2.60417  3.21986  5.37393  4.01821    667 a - - -
          2.68618  4.42225  2.77519  2.73123  3.46354  2.40513  3.72494  3.29354  2.67741  2.69355  4.24690  2.90347  2.73739  3.18146  2.89801  2.37887  2.77519  2.98518  4.58477  3.61503
          0.07566  3.95819  2.92301  0.61958  0.77255  0.51106  0.91594
    595   2.51267  4.98294  1.89010  2.22191  4.45068  2.49470  3.70290  3.91986  2.61802  3.47164  4.28548  2.50957  3.75994  2.86052  3.14019  2.39321  2.95947  3.49956  5.66408  4.25417    668 d - - -
          2.68618  4.42225  2.77519  2.73123  3.46354  2.40513  3.72494  3.29354  2.67741  2.69355  4.24690  2.90347  2.73739  3.18146  2.89801  2.37887  2.77519  2.98518  4.58477  3.61503
          0.03014  3.91267  4.63502  0.61958  0.77255  0.52150  0.90049
    596   1.83897  4.52859  2.90071  2.54573  4.11601  2.68064  3.78220  3.53460  2.63955  3.16151  3.99090  2.80591  3.74682  2.67661  3.05999  2.26998  2.80075  3.14571  5.40729  4.10524    669 a - - -
          2.68614  4.42229  2.77519  2.73128  3.46358  2.40500  3.72499  3.29358  2.67745  2.69359  4.24694  2.90351  2.73734  3.18151  2.89805  2.37880  2.77518  2.98523  4.58481  3.61507
          0.07667  2.74428  4.65572  1.20948  0.35432  0.49569  0.93943
    597   2.54450  4.99982  2.49948  2.28761  4.30632  2.95337  3.57195  3.76089  2.20375  3.29004  4.06743  2.82985  3.51639  2.42246  2.63478  2.44696  2.84379  3.37300  5.46385  4.08112    680 k - - -
          2.68618  4.42225  2.77519  2.73123  3.46354  2.40513  3.72494  3.29354  2.67741  2.69355  4.24690  2.90347  2.73739  3.18146  2.89801  2.37887  2.77519  2.98518  4.58477  3.61503
          0.02878  3.95819  4.68053  0.61958  0.77255  0.51106  0.91594
    598   2.28211  4.82673  2.58664  2.28071  4.19119  2.28327  3.67521  3.62120  2.52663  3.21353  4.03328  2.74183  3.78129  2.71194  3.00102  2.53455  2.75896  3.26216  5.44417  4.09056    681 e - - -
          2.68618  4.42225  2.77519  2.73123  3.46354  2.40513  3.72494  3.29354  2.67741  2.69355  4.24690  2.90347  2.73739  3.18146  2.89801  2.37887  2.77519  2.98518  4.58477  3.61503
          0.02878  3.95819  4.68053  0.61958  0.77255  0.51106  0.91594
    599   2.38812  5.02455  2.32241  2.19442  4.32229  3.31481  3.60266  3.77803  2.33415  3.31785  4.10696  2.70227  3.02133  2.65289  2.90802  2.38456  2.88364  3.39525  5.50462  4.11224    682 e - - -
          2.68618  4.42225  2.77519  2.73123  3.46354  2.40513  3.72494  3.29354  2.67741  2.69355  4.24690  2.90347  2.73739  3.18146  2.89801  2.37887  2.77519  2.98518  4.58477  3.61503
          0.02878  3.95819  4.68053  0.61958  0.77255  0.51106  0.91594
    600   2.81019  5.30376  1.60300  2.02969  4.62577  2.58115  3.70006  4.12045  2.64656  3.63190  4.45117  2.44648  3.49178  2.85300  3.20725  2.73054  3.08714  3.70232  5.80523  4.34123    683 d - - -
          2.68618  4.42225  2.77519  2.73123  3.46354  2.40513  3.72494  3.29354  2.67741  2.69355  4.24690  2.90347  2.73739  3.18146  2.89801  2.37887  2.77519  2.98518  4.58477  3.61503
          0.02878  3.95819  4.68053  0.61958  0.77255  0.51106  0.91594
    601   2.76606  5.22415  2.16653  1.64611  4.54305  2.46056  3.67634  4.02449  2.58122  3.54513  4.35570  2.62440  3.42621  2.82365  3.11841  2.70207  3.03426  3.61743  5.72207  4.28127    684 e - - -
          2.68618  4.42225  2.77519  2.73123  3.46354  2.40513  3.72494  3.29354  2.67741  2.69355  4.24690  2.90347  2.73739  3.18146  2.89801  2.37887  2.77519  2.98518  4.58477  3.61503
          0.02878  3.95819  4.68053  0.61958  0.77255  0.51106  0.91594
    602   2.55535  5.08099  2.37470  1.98076  4.37990  3.31609  3.59736  3.84187  2.19982  3.36556  4.14984  2.67932  3.77289  2.61276  2.88405  2.62262  2.51075  3.44924  5.53792  4.13811    685 e - - -
          2.68618  4.42225  2.77519  2.73123  3.46354  2.40513  3.72494  3.29354  2.67741  2.69355  4.24690  2.90347  2.73739  3.18146  2.89801  2.37887  2.77519  2.98518  4.58477  3.61503
          0.02878  3.95819  4.68053  0.61958  0.77255  0.51106  0.91594
    603   2.48364  4.17288  3.70853  3.14799  2.99882  3.60826  3.90807  2.50866  3.06941  2.30975  3.27412  3.47180  3.99749  3.34749  3.35472  2.88683  2.37262  1.97660  4.76327  2.87998    686 v - - -
          2.68618  4.42225  2.77519  2.73123  3.46354  2.40513  3.72494  3.29354  2.67741  2.69355  4.24690  2.90347  2.73739  3.18146  2.89801  2.37887  2.77519  2.98518  4.58477  3.61503
          0.02878  3.95819  4.68053  0.61958  0.77255  0.51106  0.91594
    604   2.49829  4.19973  3.79539  3.40996  3.71286  3.06137  4.28421  2.40608  3.32366  2.60136  3.64880  3.60013  3.99084  3.65572  3.58043  2.79610  2.67752  1.25779  5.28686  4.06115    687 v - - -
          2.68576  4.42235  2.77511  2.73127  3.46364  2.40488  3.72505  3.29364  2.67751  2.69365  4.24700  2.90357  2.73737  3.18157  2.89811  2.37888  2.77523  2.98529  4.58487  3.61513
          0.05728  3.07063  4.68053  1.91418  0.15954  0.51106  0.91594
    605   2.96770  5.47061  1.14686  1.90621  4.76544  3.20490  3.79210  4.27670  2.84078  3.81408  4.69839  2.69089  3.84566  2.97292  3.43512  2.85554  3.26878  3.86843  5.95988  4.47333    714 d - - -
          2.68618  4.42225  2.77519  2.73123  3.46354  2.40513  3.72494  3.29354  2.67741  2.69355  4.24690  2.90347  2.73739  3.18146  2.89801  2.37887  2.77519  2.98518  4.58477  3.61503
          0.02878  3.95819  4.68053  0.61958  0.77255  0.51106  0.91594
    606   1.05290  4.14115  3.44652  3.21490  4.17945  2.94920  4.25674  3.42348  3.24880  3.26317  4.16909  3.33853  3.70671  3.56354  3.52047  2.25346  2.72629  2.97407  5.58426  4.35625    715 a - - -
          2.68608  4.42227  2.77522  2.73119  3.46356  2.40506  3.72497  3.29356  2.67743  2.69357  4.24692  2.90349  2.73742  3.18149  2.89803  2.37885  2.77522  2.98521  4.58479  3.61505
          0.05728  3.07063  4.68053  0.99429  0.46201  0.51106  0.91594
    607   2.71010  5.07473  1.68462  2.08542  4.37487  3.05720  3.66290  3.43142  2.53992  3.38658  4.20246  2.77910  3.79238  2.81305  3.05227  2.54864  2.97153  3.44578  5.58933  4.18360    722 d - - -
          2.68618  4.42225  2.77519  2.73123  3.46354  2.40513  3.72494  3.29354  2.67741  2.69355  4.24690  2.90347  2.73739  3.18146  2.89801  2.37887  2.77519  2.98518  4.58477  3.61503
          0.06075  3.95819  3.22290  0.61958  0.77255  0.51106  0.91594
    608   2.55615  4.25973  3.65061  3.12773  2.28033  3.61452  3.74233  2.74778  3.05683  2.43247  3.38597  3.43436  3.60838  3.32923  3.34334  2.74858  2.88927  2.54452  4.42813  2.18691    723 y - - -
          2.68618  4.42225  2.77519  2.73123  3.46354  2.40513  3.72494  3.29354  2.67741  2.69355  4.24690  2.90347  2.73739  3.18146  2.89801  2.37887  2.77519  2.98518  4.58477  3.61503
          0.02970  3.92715  4.64949  0.61958  0.77255  0.54028  0.87368
    609   2.80083  5.25421  2.27298  1.50736  4.55329  3.26700  3.65781  4.02394  2.20588  3.53752  4.35758  2.58477  3.80535  2.80530  2.97415  2.73112  3.05787  3.62924  5.69925  4.27730    724 e - - -
          2.68618  4.42225  2.77519  2.73123  3.46354  2.40513  3.72494  3.29354  2.67741  2.69355  4.24690  2.90347  2.73739  3.18146  2.89801  2.37887  2.77519  2.98518  4.58477  3.61503
          0.14020  3.92715  2.19715  0.61958  0.77255  0.54028  0.87368
    610   2.54310  4.50588  2.48135  2.55788  3.49282  3.36994  3.71033  2.97288  2.61084  2.74437  3.65604  3.03329  3.50044  2.93315  3.03640  2.65954  2.80556  2.23510  5.11756  3.80743    725 v - - -
          2.68618  4.42225  2.77519  2.73123  3.46354  2.40513  3.72494  3.29354  2.67741  2.69355  4.24690  2.90347  2.73739  3.18146  2.89801  2.37887  2.77519  2.98518  4.58477  3.61503
          0.03312  3.82006  4.54240  0.61958  0.77255  0.62897  0.76173
    611   2.47901  4.27313  3.03400  2.90413  3.67343  3.00211  3.96560  2.67203  2.95439  2.67990  3.65175  3.25962  3.85789  3.27483  3.29238  2.69388  2.82264  1.60089  5.15363  3.88814    726 v - - -
          2.68618  4.42225  2.77519  2.73123  3.46354  2.40513  3.72494  3.29354  2.67741  2.69355  4.24690  2.90347  2.73739  3.18146  2.89801  2.37887  2.77519  2.98518  4.58477  3.61503
          0.07778  3.82006  2.93924  0.61958  0.77255  0.58532  0.81402
    612   2.82697  5.30561  1.46579  1.97301  4.60007  3.14199  3.68598  4.10984  2.68934  3.64630  4.50350  2.33140  3.76020  2.85921  3.25913  2.73389  3.12037  3.70319  5.81179  4.32913    727 d - - -
          2.68618  4.42225  2.77519  2.73123  3.46354  2.40513  3.72494  3.29354  2.67741  2.69355  4.24690  2.90347  2.73739  3.18146  2.89801  2.37887  2.77519  2.98518  4.58477  3.61503
          0.09582  3.80942  2.67055  0.61958  0.77255  0.63688  0.75277
    613   2.81958  5.25713  1.52982  1.79079  4.54640  3.12620  3.67456  4.02545  2.67590  3.58978  4.46567  2.62153  3.74349  2.85278  3.23455  2.73096  3.11182  3.63971  5.75555  4.29947    728 d - - -
          2.68624  4.42231  2.77503  2.73107  3.46360  2.40510  3.72501  3.29360  2.67741  2.69361  4.24696  2.90353  2.73733  3.18143  2.89807  2.37890  2.77515  2.98524  4.58483  3.61509
          0.35582  1.24490  4.47154  0.66707  0.71992  0.41886  1.07234
    614   2.59894  5.18923  2.06911  1.86488  4.49469  3.28492  3.62513  3.96938  2.10741  3.47841  4.26916  2.75495  3.45351  2.75695  2.96292  2.66129  2.96812  3.56248  5.64113  4.21729    735 e - - -
          2.68618  4.42225  2.77519  2.73123  3.46354  2.40513  3.72494  3.29354  2.67741  2.69355  4.24690  2.90347  2.73739  3.18146  2.89801  2.37887  2.77519  2.98518  4.58477  3.61503
          0.02892  3.95336  4.67571  0.61958  0.77255  0.46748  0.98506
    615   2.51104  4.95453  2.46653  2.23839  4.24876  3.21074  3.56634  3.69644  2.12520  3.23665  3.69852  2.85452  3.76418  2.68648  2.58878  2.50956  2.72307  3.31845  5.41945  4.04588    736 k - - -
          2.68618  4.42225  2.77519  2.73123  3.46354  2.40513  3.72494  3.29354  2.67741  2.69355  4.24690  2.90347  2.73739  3.18146  2.89801  2.37887  2.77519  2.98518  4.58477  3.61503
          0.02805  3.98361  4.70596  0.61958  0.77255  0.48576  0.95510
    616   2.51127  5.01897  2.85029  2.08122  4.34202  3.39719  3.58361  3.77543  1.94366  3.29744  4.09108  2.76559  3.81106  2.70842  2.38002  2.49456  2.90328  3.40285  5.45588  4.11165    737 k - - -
          2.68618  4.42225  2.77519  2.73123  3.46354  2.40513  3.72494  3.29354  2.67741  2.69355  4.24690  2.90347  2.73739  3.18146  2.89801  2.37887  2.77519  2.98518  4.58477  3.61503
          0.01897  3.97453        *  0.61958  0.77255  0.00000        *
//
